/home/muralidhar/Downloads/captionfiles/Readability caption files data/Forrest.Gump.1994.720p.BluRay.x264-SiNNERS.Fr.srt,0.2428,0.0345,0.0669,3.57382282521947,0.9037,2
/home/muralidhar/Downloads/captionfiles/theeternalroad2017bdripx264-fico-danish-122112/The.Eternal.Road.2017.BDRip.x264-FiCO.srt,0.3262,0.0111,0.0502,3.51934523809524,0.8899,2
/home/muralidhar/Downloads/captionfiles/Readability caption files data/Casablanca[1942].srt,0.2409,0.0056,0.0121,2.19661458333333,0.8823,2
/home/muralidhar/Downloads/captionfiles/Readability caption files data/Memento.srt,0.3502,0,0.0004,2.70620945319741,0.8704,2
/home/muralidhar/Downloads/captionfiles/miniscule-valley-of-the-lost-ants-english-126686/Minuscule.Valley.of.the.Lost.Ants.2013.BluRay.1080p.600MB.Ganool.srt,0.52,0.5,0.2692,6.11111111111111,0.789,2
/home/muralidhar/Downloads/captionfiles/blackweb20121080pblurayx264ytsag-english-124065/Easton's article (2012) [en][h264][aac][web-rip][1080p].mp4.en.srt,0.1331,0.2815,0.5694,4.55416293643688,0.7839,2
/home/muralidhar/Downloads/captionfiles/Readability caption files data/the-dark-knight-rises-yify-english.srt,0.2874,0.3375,0.5558,4.68949294302143,0.7482,2
/home/muralidhar/Downloads/captionfiles/beforewevanish2017720pblurayx264-ytsam-english-english-123905/Before.We.Vanish.2017.720p.BluRay.x264-[YTS.AM] - [English].srt,0.3584,0.1528,0.5644,3.81797497155859,0.7183,2
/home/muralidhar/Downloads/captionfiles/themanfromearthholocene20171080pblurayx264-ytsme-translations-english-119798/The.Man.from.Earth.Holocene.2017.1080p.BluRay.x264-[YTS.ME] (Translations).srt,0.2984,0.3147,0.5115,3.81237721021611,0.705,2
/home/muralidhar/Downloads/captionfiles/deepstarsix1989dvdripxvid-shitbusters-english-127093/DeepStar.Six.1989.DVDRip.XviD-ShitBusters.srt,0.3486,0.265,0.5733,3.9983948635634,0.7032,2
/home/muralidhar/Downloads/captionfiles/thelma2017720pblurayx264ytsag-english-121141/Thelma.2017.720p.BluRay.DTS.x264-WASTE.srt,0.3205,0.1893,0.5408,3.52425373134328,0.7019,2
/home/muralidhar/Downloads/captionfiles/a-princess-for-christmas-2011-blurayrip-720p-english-117407/A Princess for Christmas (2011) BluRay.Rip 720p.srt,0.3063,0.2477,0.4934,3.49029126213592,0.6999,2
/home/muralidhar/Downloads/captionfiles/anomalisa2015brripxvidac3-ift-english-85671/Anomalisa.2015.BRRip.XviD.AC3-iFT.srt,0.2404,0.1813,0.4941,3.02495543672014,0.6973,2
/home/muralidhar/Downloads/captionfiles/daysofpower2018720pblurayx264-ytsag-english-120840/Days.Of.Power.2018.720p.BluRay.x264-YTS.AG.srt,0.1734,0,0.5327,2.27142857142857,0.6891,2
/home/muralidhar/Downloads/captionfiles/arthur-3-the-war-of-the-two-worlds-3010-yts-ag-english-78406/Arthur 3 The War of the Two Worlds (2010).srt,0.3206,0.2833,0.5471,3.62105263157895,0.6821,2
/home/muralidhar/Downloads/captionfiles/anand-1971-720p-brrip-x264-junaid-zia-english-122530/Anand (1971) 720p BRrip x264 Junaid-Zia.srt,0.2402,0.216,0.467,2.89628681177977,0.6812,2
/home/muralidhar/Downloads/captionfiles/Readability caption files data/Pulp.Fiction.1994.720p.BrRip.x264.YIFY.srt,0.2241,0.2867,0.4594,3.02579365079365,0.6794,2
/home/muralidhar/Downloads/captionfiles/Readability caption files data/3. The Godfather Part II (1974) [1080p].srt,0.2592,0.3235,0.4882,3.3080505655356,0.6763,2
/home/muralidhar/Downloads/captionfiles/roommates1995720pblurayx264-ytsam-english-127806/Roommates.1995.720p.BluRay.x264-[YTS.AM].srt,0.2597,0.2178,0.482,2.96431342125679,0.6763,2
/home/muralidhar/Downloads/captionfiles/themagicflute1975720pblurayx264ytsag-english-132273/THE MAGIC FLUTE (1975).srt,0.3685,0.3279,0.587,3.9375,0.6741,2
/home/muralidhar/Downloads/captionfiles/bahhumduckalooneytuneschristmas20061080pamznweb-dldd20h265-sigma-english-126067/Bah.Humduck.A.Looney.Tunes.Christmas.2006.1080p.AMZN.WEB-DL.DD+2.0.H.265-SiGMA.srt,0.4239,0.2984,0.492,3.71894093686354,0.6735,2
/home/muralidhar/Downloads/captionfiles/Readability caption files data/one-flew-over-the-cuckoos-nest-yify-english.srt,0.2107,0.1954,0.4653,2.61079545454545,0.6662,2
/home/muralidhar/Downloads/captionfiles/Readability caption files data/Alien.Directors.Cut.1979.1080p.BRrip.x264.GAZ.YIFY.srt,0.3587,0.2077,0.5124,3.22531293463143,0.6655,2
/home/muralidhar/Downloads/captionfiles/Readability caption files data/2. The Godfather (1972) BluRay 720p x264 Ganool.srt,0.2492,0.2994,0.5343,3.23164269492808,0.6649,2
/home/muralidhar/Downloads/captionfiles/poohsgrandadventurethesearchforchristopherrobin1997dvdripx264-english-125107/Poohs.Grand.Adventure.The.Search.for.Christopher.Robin.1997.DVDRip.x264.srt,0.295,0.2326,0.4413,2.88924387646432,0.6647,2
/home/muralidhar/Downloads/captionfiles/ride-with-the-devil-english-572153zip-english-123006/Ride With The Devil_(1999)_[eng_23,0.2634,0.2657,0.462,2.9529262086514,0.6644,2
/home/muralidhar/Downloads/captionfiles/bicentennial-man-english-yify-711/bicentennial-man-yify-english.srt,0.2794,0.2443,0.5089,3.06703524533518,0.6633,2
/home/muralidhar/Downloads/captionfiles/thetruthaboutcharlie2002720pblurayx264ytsag-english-126967/The.Truth.About.Charlie.2002.720p.BluRay.x264-[YTS.AM].srt,0.3199,0.2323,0.4436,2.95423728813559,0.6629,2
/home/muralidhar/Downloads/captionfiles/animalfactory2000720pblurayx264ytsag-english-117488/Animal Factory PROPER DVDRip XviD-EXiLE.UsaBit.com.srt,0.2866,0.3113,0.5125,3.29373848987109,0.6629,2
/home/muralidhar/Downloads/captionfiles/jesuschristsuperstarliveinconcert2018720pamznweb-dlddp51h264-ntg-english-124515/Jesus.Christ.Superstar.Live.in.Concert.2018.720p.AMZN.WEB-DL.DDP5.1.H.264-NTG.srt,0.1327,0,0.5264,1.94976359338061,0.662,2
/home/muralidhar/Downloads/captionfiles/theblackabbot1963720pblurayx264ytsag-english-119000/The.Black.Abbot.1963.720p.BluRay.x264-BiPOLAR.srt,0.2682,0.2732,0.5639,3.25934861278649,0.6609,2
/home/muralidhar/Downloads/captionfiles/butdeliverusfromevil2017720pweb-dlx264aac-esc-english-124394/But.Deliver.Us.From.Evil.2017.720p.WEB-DL.x264.AAC-eSc.srt,0.2639,0.3757,0.5605,3.53248693054518,0.6603,2
/home/muralidhar/Downloads/captionfiles/anextremelygoofymovie2000720pblurayx264ytsag-english-130060/An.Extremely.Goofy.Movie.2000.720p.WEBRip.x264-[YTS.AM].srt,0.3322,0.2405,0.4791,3.09462151394422,0.6601,2
/home/muralidhar/Downloads/captionfiles/hettweedegelaat2017720pblurayx264ytsag-english-123829/Control..2017.720p.BluRay.srt,0.3073,0.238,0.5263,3.15314494074749,0.6601,2
/home/muralidhar/Downloads/captionfiles/themission1986720pblurayx264ytsag-english-127356/The.Mission.1986.1080p.BluRay.H264.AAC-RARBG-eng.srt,0.3748,0.2608,0.5107,3.3714859437751,0.66,2
/home/muralidhar/Downloads/captionfiles/duck-duck-goose-2018-bluray-720p-ytsam-english-130354/Duck Duck Goose (2018) [BluRay] [720p] [YTS.AM].srt,0.2377,0.1769,0.4762,2.61097461097461,0.6588,2
/home/muralidhar/Downloads/captionfiles/themanwithoneredshoe1985internaldvdripxvid-nogrp-english-124518/The.Man.With.One.Red.Shoe.1985.iNTERNAL.DVDRip.XviD-NoGrp.srt,0.3141,0.2057,0.5288,3.03703703703704,0.6547,2
/home/muralidhar/Downloads/captionfiles/coco2017720pblurayx264-ytsag-english-120804 (1)/Coco.2017.720p.BluRay.x264-YTS.AG.srt,0.2095,0.2788,0.4903,2.83247422680412,0.6545,2
/home/muralidhar/Downloads/captionfiles/coco2017720pblurayx264-ytsag-english-120804/Coco.2017.720p.BluRay.x264-YTS.AG.srt,0.2095,0.2788,0.4903,2.83247422680412,0.6545,2
/home/muralidhar/Downloads/captionfiles/Readability caption files data/Apocalypse.Now.Redux.1979.BDRip.YIFY.srt,0.237,0.2644,0.5083,2.90555291884196,0.6525,2
/home/muralidhar/Downloads/captionfiles/snowtime20151080pblurayx264-ytsag-english-102701/Snowtime!.2015.1080p.BluRay.x264-[YTS.AG].srt,0.2719,0.1592,0.4996,2.67268041237113,0.6518,2
/home/muralidhar/Downloads/captionfiles/gun-shy-2000-english-124503/Gun Shy (2000).srt,0.2773,0.3068,0.4816,3.0587044534413,0.6516,2
/home/muralidhar/Downloads/captionfiles/ferngullythelastrainforest1992internaldvdripxvid-ils-english-130266/Ferngully.The.Last.Rainforest.1992.iNTERNAL.DVDRip.XViD-iLS.srt,0.3462,0.1693,0.5145,2.95437262357414,0.6514,2
/home/muralidhar/Downloads/captionfiles/darknessrising2017brripxvidac3-rarbg-english-119146/Darkness.Rising.2017.BRRip.XviD.AC3-RARBG.srt,0.2143,0.1636,0.5214,2.57845433255269,0.6512,2
/home/muralidhar/Downloads/captionfiles/Readability caption files data/Il buono,0.3101,0.2688,0.5316,3.18232558139535,0.651,2
/home/muralidhar/Downloads/captionfiles/thelastemperor1987720pblurayx264-ytsam-english-126925/The.Last.Emperor.1987.720p.BluRay.x264-[YTS.AM].srt,0.325,0.2718,0.5098,3.16359060402685,0.6502,2
/home/muralidhar/Downloads/captionfiles/scooby-doomoonmonstermadness2015dvdripx264-walmartrarbg-english-127144/Scooby-Doo.Moon.Monster.Madness.2015.DVDRip.x264-WaLMaRT[rarbg].srt,0.3061,0.2697,0.5201,3.12154696132597,0.6489,2
/home/muralidhar/Downloads/captionfiles/scooby-doomoonmonstermadness2015dvdripx264-walmartrarbg-english-127144 (1)/Scooby-Doo.Moon.Monster.Madness.2015.DVDRip.x264-WaLMaRT[rarbg].srt,0.3061,0.2697,0.5201,3.12154696132597,0.6489,2
/home/muralidhar/Downloads/captionfiles/phantom-boy-2015-1080p-ytsag-english-98962/Phantom Boy (2015) [1080p] [YTS.AG].srt,0.2615,0.2832,0.5491,3.08690744920993,0.6457,2
/home/muralidhar/Downloads/captionfiles/openseasonscaredsilly2015bdripx264-rovers-english-79157/Open.Season.Scared.Silly.2015.BDRip.x264-ROVERS.srt,0.2861,0.2672,0.4935,2.95271453590193,0.6455,2
/home/muralidhar/Downloads/captionfiles/openseasonscaredsilly2015bdripx264-rovers-english-79157(1)/Open.Season.Scared.Silly.2015.BDRip.x264-ROVERS.srt,0.2861,0.2672,0.4935,2.95271453590193,0.6455,2
/home/muralidhar/Downloads/captionfiles/thecottonclub1984720pblurayx264ytsag-english-122920/The.Cotton.Club.1984.1080p.BluRay.x264-[YTS.AM].srt,0.259,0.2448,0.5398,2.93606870229008,0.6446,2
/home/muralidhar/Downloads/captionfiles/ladybirdladybird1994brripxvidmp3-xvid-english-122998/Ladybird.Ladybird.1994.BRRip.XviD.MP3-XVID.srt,0.193,0.2693,0.524,2.7688060731539,0.6438,2
/home/muralidhar/Downloads/captionfiles/the-harder-they-fall-23976-fps-dvd-english-122373/The Harder They Fall 23.976 FPS DVD.srt,0.2318,0.3176,0.5923,3.19510135135135,0.6427,2
/home/muralidhar/Downloads/captionfiles/whilethecitysleeps1956720pblurayx264ytsag-english-123252/While.The.City.Sleeps.1956.720p.BluRay.x264-[YTS.AM].srt,0.2688,0.3209,0.5282,3.12228260869565,0.642,2
/home/muralidhar/Downloads/captionfiles/thecolorofpomegranates1969720pblurayx264ytsag-english-123771/Sayat Nova [Armenian Cut]eng.srt,0.5196,0.5189,0.4896,4.25877192982456,0.6412,2
/home/muralidhar/Downloads/captionfiles/wildinthecountry1961720pblurayx264ytsag-english-132172/Wild.In.The.Country.1961.1080p.BluRay.x264-[YTS.AM].srt,0.2565,0.3568,0.5186,3.13227893601725,0.6386,2
/home/muralidhar/Downloads/captionfiles/ballerina2016bdripx264-amiable-ytsag-english-107284/Ballerina.2016.BDRip.x264-AMIABLE + YTS.AG.srt,0.2047,0.1867,0.5264,2.53263315828957,0.6376,2
/home/muralidhar/Downloads/captionfiles/dag-2-english-127544/The Mountain II (2016).srt,0.3824,0.2448,0.5225,3.16712517193948,0.637,2
/home/muralidhar/Downloads/captionfiles/superdarktimes2017limitedbdripx264-bipolar-english-117180/Super.Dark.Times.2017.LIMITED.BDRip.x264-BiPOLAR.srt,0.2268,0.1936,0.5116,2.56739526411658,0.637,2
/home/muralidhar/Downloads/captionfiles/bigtopscooby-doo2012internalbdripx264-sprinter-english-95509/Big.Top.Scooby-Doo.2012.iNTERNAL.BDRip.x264-SPRiNTER.srt,0.3052,0.2333,0.4801,2.80573951434879,0.637,2
/home/muralidhar/Downloads/captionfiles/Readability caption files data/Gladiator.720p.SiLU.en.srt,0.2972,0.2188,0.5276,2.86785449146251,0.6361,2
/home/muralidhar/Downloads/captionfiles/thelandbeforetimeiithegreatvalleyadventure19941080pamznwebripddp20h264-sigma-english-125134/The.Land.Before.Time.II.The.Great.Valley.Adventure.1994.1080p.AMZN.WEBRip.DDP2.0.H264-SiGMA.srt,0.265,0.1572,0.4801,2.47191011235955,0.635,2
/home/muralidhar/Downloads/captionfiles/linewatch2008stvdvdripxvid-bulldozer-english-124421/Linewatch.2008.STV.DVDRiP.XViD-BULLDOZER.srt,0.2593,0.2506,0.4955,2.74619289340102,0.6339,2
/home/muralidhar/Downloads/captionfiles/lake-of-dracula-1971-720p-bluray-x264-ghouls-english-127664/Lake of Dracula 1971 720p BluRay x264-GHOULS.srt,0.3519,0.2064,0.5106,2.91666666666667,0.6335,2
/home/muralidhar/Downloads/captionfiles/scoobydoofrankencreepy2014bdripx264-an0nym0us-english-114252/Scooby.Doo.Frankencreepy.2014.BDRip.x264-AN0NYM0US.srt,0.3378,0.2799,0.4693,2.96094552929085,0.6329,2
/home/muralidhar/Downloads/captionfiles/jabharrymetsejal2017hq1080pblurayx264atmos71-dtone-english-122328/Jab.Harry.Met.Sejal.2017.HQ.1080p.Bluray.x264.ATMOS.7.1-[DTOne].srt,0.2524,0.2311,0.5538,2.82534246575342,0.6329,2
/home/muralidhar/Downloads/captionfiles/Readability caption files data/The.Lion.King.1994.m-720p.Blu-ray.AC3.x264-EliteCoder_eng.srt,0.2552,0.2097,0.4927,2.60714285714286,0.6327,2
/home/muralidhar/Downloads/captionfiles/the-lord-of-the-rings-1978-720p-bluray-h264-aac-rarbg-english-76729/The.Lord.Of.The.Rings.1978.720p.BluRay.H264.AAC-RARBG-eng.srt,0.2721,0.29,0.5185,2.9377344336084,0.6322,2
/home/muralidhar/Downloads/captionfiles/meesterkikker20161080pblurayx264yify-english-124596/Meester.Kikker.2016.1080p.BluRay.x264.YIFY.srt,0.3158,0.1436,0.5161,2.6484268125855,0.6317,2
/home/muralidhar/Downloads/captionfiles/newinitialdthemovielegend3-dream2016720pblurayx264ytsag-english-130743/[Anime Land] New Initial D Movie 03 (2016) Bluray 720p Legend 3 - Dream.srt,0.348,0.3522,0.5088,3.27821939586645,0.6312,2
/home/muralidhar/Downloads/captionfiles/metropolitan1990720pblurayx264ytsag-english-122930/Metropolitan.1990.720p.BluRay.x264-[YTS.AM].srt,0.2446,0.3339,0.4721,2.84234828496042,0.6304,2
/home/muralidhar/Downloads/captionfiles/manhattanmurdermystery1993720pblurayx264ytsag-english-122021/Manhattan.Murder.Mystery.1993.720p.BluRay.X264-AMIABLE-HI.srt,0.1904,0.2389,0.5171,2.55561072492552,0.6297,2
/home/muralidhar/Downloads/captionfiles/quadrophenia1979720pblurayx264ytsag-english-123348/Quadrophenia EN.srt,0.2723,0.1763,0.4916,2.53574173712529,0.6292,2
/home/muralidhar/Downloads/captionfiles/Readability caption files data/The.Pianist.720p.BrRip.x264.YIFY.srt,0.3026,0.2659,0.5557,3.0268156424581,0.6286,2
/home/muralidhar/Downloads/captionfiles/threecolorsblue1993dvdripdivx-ddx-english-122436/Three.Colors.Blue.1993.DVDRip.DivX-DDX.srt,0.3662,0.2339,0.5599,3.12272727272727,0.6285,2
/home/muralidhar/Downloads/captionfiles/bling2016720pblurayx264ytsag-english-106400/Bling.2016.720p.BluRay.x264-[YTS.AG].srt,0.2601,0.1754,0.503,2.52542372881356,0.6284,2
/home/muralidhar/Downloads/captionfiles/stillborn2017web-dlxvidmp3-fgt-english-120931/Still.Born.2017.WEB-DL.XviD.MP3-FGT.srt,0.2998,0.2116,0.5067,2.73143759873618,0.6273,2
/home/muralidhar/Downloads/captionfiles/thirteen-english-yify-13352/Thirteen.2003.720p.WEB-DL.DD5.1.H.264-ViGi.srt,0.2549,0.1955,0.5031,2.55649241146712,0.627,2
/home/muralidhar/Downloads/captionfiles/Readability caption files data/22. It's A Wonderful Life (1946) Remastered 25fps.srt,0.2063,0.2542,0.4863,2.52693526482571,0.6253,2
/home/muralidhar/Downloads/captionfiles/freakyfriday2003720pblurayx264-ytsam-english-124685/Freaky.Friday.2003.720p.BluRay.x264-[YTS.AM].srt,0.2111,0.2548,0.5119,2.59153952843273,0.6227,2
/home/muralidhar/Downloads/captionfiles/theincident1967720pblurayh264aac-rarbg-english-127773/The.Incident.1967.720p.BluRay.H264.AAC-RARBG.srt,0.1956,0.2152,0.513,2.44539781591264,0.6222,2
/home/muralidhar/Downloads/captionfiles/thenilehiltonincident2017720pblurayx264ytsag-english-123003/The Nile Hilton Incident 2017 720p BluRay x264-USURY.srt,0.3328,0.2382,0.5314,2.90721649484536,0.6208,2
/home/muralidhar/Downloads/captionfiles/thepiratesofsomalia2017720pblurayx264ytsag-english-121115/Pirates of Somalia The.720p.BlueRay.HDC.en.srt,0.262,0.2763,0.5075,2.75421052631579,0.6203,2
/home/muralidhar/Downloads/captionfiles/Readability caption files data/Psycho.DVDRip.Nts.en.srt,0.2643,0.3657,0.515,3.013,0.62,2
/home/muralidhar/Downloads/captionfiles/drseusshowthegrinchstolechristmas1966720pblurayvision-english-117797/Dr.Seuss.How.The.Grinch.Stole.Christmas.1966.720p.Bluray.ViSiON.srt,0.4819,0.4875,0.4785,3.80851063829787,0.6198,2
/home/muralidhar/Downloads/captionfiles/flying-lessons-2010-720p-web-dl-x264-msd-english-123431/Flying Lessons 2010 720p WEB-DL x264-mSD.srt,0.2475,0.2274,0.512,2.59167333867094,0.6192,2
/home/muralidhar/Downloads/captionfiles/statusupdate2018720pblurayx264ytsag-english-124295/Status.Update.2018.720p.WEB-DL.ZooCine.Net.srt,0.2348,0.2969,0.5076,2.72652096869462,0.6188,2
/home/muralidhar/Downloads/captionfiles/basquiat1996720pweb-dldd51h264-fgt-english-127094/Basquiat.1996.720p.WEB-DL.DD5.1.H264-FGT.srt,0.2701,0.2388,0.4989,2.6343984962406,0.6174,2
/home/muralidhar/Downloads/captionfiles/anime-land-harmony-2015-bluray-720p-hi10p-qaac-raw-5224c5e8-english-115635/[Anime Land] Harmony (2015) Bluray 720p Hi10P QAAC RAW [5224C5E8].srt,0.3266,0.4682,0.5483,3.50832072617247,0.6172,2
/home/muralidhar/Downloads/captionfiles/anuncommongrace2017720pblurayx264ytsag-english-126893/An.Uncommon.Grace.2017.WEBRip.x264-ION10.HI.srt,0.349,0.2744,0.3301,2.48977987421384,0.617,2
/home/muralidhar/Downloads/captionfiles/my-own-private-idaho-english-yify-67724/My.Own.Private.Idaho.1991.720p.BluRay.x264-SiNNERS.srt,0.2959,0.2537,0.5086,2.76181980374665,0.6168,2
/home/muralidhar/Downloads/captionfiles/theswanprincessaroyalmyztery2018hdripxvidac3-evo-english-127847/The.Swan.Princess.A.Royal.Myztery.2018.HDRip.XviD.AC3-EVO.srt,0.3041,0.2195,0.5283,2.74420759962929,0.6167,2
/home/muralidhar/Downloads/captionfiles/tomoffinland2017limitedbdripx264-cadaver-english-120970/Tom.of.Finland.2017.LiMiTED.BDRip.x264-CADAVER.srt,0.395,0.1964,0.5233,2.90421455938697,0.6162,2
/home/muralidhar/Downloads/captionfiles/Readability caption files data/dr-strangelove-or-how-i-learned-to-stop-worrying-and-love-the-bomb-yify-english.srt,0.3137,0.4448,0.5163,3.31901840490798,0.6159,2
/home/muralidhar/Downloads/captionfiles/thepeanutsmovie2015hdripxvid-etrg-english-78222(1)/The.Peanuts.Movie.2015.HDRip.XViD-ETRG.srt,0.3158,0.2941,0.5308,2.96690647482014,0.6155,2
/home/muralidhar/Downloads/captionfiles/thepeanutsmovie2015hdripxvid-etrg-english-78222/The.Peanuts.Movie.2015.HDRip.XViD-ETRG.srt,0.3158,0.2941,0.5308,2.96690647482014,0.6155,2
/home/muralidhar/Downloads/captionfiles/youngmrlincoln1939720pblurayx264-amiable-english-119617/Young.Mr.Lincoln.1939.720p.BluRay.X264-AMIABLE.srt,0.2767,0.3069,0.5234,2.87728459530026,0.6153,2
/home/muralidhar/Downloads/captionfiles/permission2017web-dlxvidmp3-fgt-english-122728/Permission.2017.WEB-DL.XviD.MP3-FGT.srt,0.2024,0.1774,0.4876,2.25383200490497,0.6151,2
/home/muralidhar/Downloads/captionfiles/Readability caption files data/6. schindlers-list-yify-english.srt,0.2877,0.2362,0.3686,2.31795511221945,0.615,2
/home/muralidhar/Downloads/captionfiles/Readability caption files data/The.Lord.of.the.Rings.The.Two.Towers.2002.Extended.BluRay.1080p.DTSES6.1.x264-CHD.srt,0.2943,0.2259,0.4956,2.63636363636364,0.6147,2
/home/muralidhar/Downloads/captionfiles/stillwalking2008720pblurayx264ytsag-english-123110/Still.Walking.2008.1080p.BluRay.x264.JiG.srt,0.2958,0.2717,0.491,2.73839351510685,0.6135,2
/home/muralidhar/Downloads/captionfiles/batmanmaskofthephantasm1993720pblurayx264-amiable-english-125888/Batman.Mask.of.the.Phantasm.1993.720p.BluRay.X264-AMIABLE.srt,0.3563,0.2439,0.52,2.8976,0.6134,2
/home/muralidhar/Downloads/captionfiles/jungle20171080pblurayx264-ytsag-english-116100/Jungle.2017.1080p.BluRay.x264-YTS.AG.srt,0.2563,0.1894,0.5433,2.54707985697259,0.6117,2
/home/muralidhar/Downloads/captionfiles/livingwiththeenemy2005720pblurayx264ytsag-english-123615/Living.With.The.Enemy.2005.720p.WEBRip.x264-[YTS.AM].srt,0.3647,0.3102,0.5682,3.19796954314721,0.6113,2
/home/muralidhar/Downloads/captionfiles/piratesoftortuga1961720pblurayx264ytsag-english-117064/Pirates Of Tortuga (1961)[23.976fps].srt,0.3377,0.325,0.5225,3.0427435387674,0.6105,2
/home/muralidhar/Downloads/captionfiles/icanonlyimagine2018dvdripxvidac3-evo-english-127750/I.Can.Only.Imagine.2018.DVDRip.XviD.AC3-EVO.srt,0.2148,0.2663,0.539,2.61848184818482,0.6104,2
/home/muralidhar/Downloads/captionfiles/hopeandglory1987720phdtvx264dd20-fgt-english-116598/Hope.And.Glory.1987.720p.HDTV.x264.DD2.0-FGT.srt,0.303,0.1928,0.5449,2.6679273827534,0.6099,2
/home/muralidhar/Downloads/captionfiles/hellandback2015720pweb-dlxvidac3-fgt-english-83188/Hell.and.Back.2015.720p.WEB-DL.XviD.AC3-FGT.srt,0.2811,0.2523,0.5115,2.67258883248731,0.609,2
/home/muralidhar/Downloads/captionfiles/sanjuro1962720pblurayx264ytsag-english-123129/Sanjuro.1962.1080p.Criterion.Bluray.srt,0.3214,0.2974,0.5258,2.92422502870264,0.6086,2
/home/muralidhar/Downloads/captionfiles/bushwick2017720pblurayx264-ytsag-english-115986/Bushwick.2017.720p.BluRay.x264-[YTS.AG].srt,0.1499,0.2113,0.5155,2.23877405559515,0.6084,2
/home/muralidhar/Downloads/captionfiles/frozenfever2015shortbrripx264-rarbg-english-76456/Frozen.Fever.2015.SHORT.BRRip.x264-RARBG.srt,0.4206,0.2396,0.5288,3.03478260869565,0.6082,2
/home/muralidhar/Downloads/captionfiles/walk-hard-english-124847/Walk.Hard-The.Dewey.Cox.Story[2007]DvDrip-aXXo-EN.srt,0.2128,0.2997,0.4931,2.56279558591697,0.6076,2
/home/muralidhar/Downloads/captionfiles/completeunknown2016limited720pblurayx264-sinners-english-116705/Complete.Unknown.2016.LiMiTED.720p.BluRay.x264-SiNNERS.srt,0.2927,0.2344,0.522,2.67268862911796,0.6075,2
/home/muralidhar/Downloads/captionfiles/thedayofthebeast1995720pblurayx264ytsag-english-127385/The.Day.Of.The.Beast.1995.720p.BluRay.x264-[YTS.AM].srt,0.2732,0.1852,0.543,2.54863813229572,0.6071,2
/home/muralidhar/Downloads/captionfiles/midnightcowboy19691080pblurayx264-ytsam-english-127729/Midnight.Cowboy.1969.1080p.BluRay.x264-[YTS.AM]-HI.srt,0.2347,0.2814,0.4785,2.52882205513784,0.6067,2
/home/muralidhar/Downloads/captionfiles/monsterhighfreakyfusion2014bdripx264-rovers-english-95628/Monster.High.Freaky.Fusion.2014.BDRip.x264-ROVERS.srt,0.2709,0.275,0.5203,2.71028037383178,0.6066,2
/home/muralidhar/Downloads/captionfiles/pirate-radio-english-yify-43210/Pirate.Radio.2009.720p.BluRay.x264.YIFY.srt,0.2783,0.2056,0.4963,2.49032992036405,0.6064,2
/home/muralidhar/Downloads/captionfiles/thesquare2017720pblurayx264-ytsam-english-121966/The.Square.2017.720p.BluRay.x264-YTS.AM.srt,0.289,0.2621,0.556,2.81077441077441,0.6061,2
/home/muralidhar/Downloads/captionfiles/momanddad2017720pblurayx264dts-chd-english-121881/Mom.and.Dad.2017.720p.BluRay.x264.DTS-CHD.srt,0.2945,0.2291,0.5022,2.60118343195266,0.6056,2
/home/muralidhar/Downloads/captionfiles/lovefindsyouincharm2015bdripx264-guacamole-english-117600/Love.finds.you.in.Charm.2015.BDRiP.x264-GUACAMOLE.srt,0.2474,0.2596,0.539,2.65018315018315,0.6053,2
/home/muralidhar/Downloads/captionfiles/Readability caption files data/17. Goodfellas.1990.720p.BluRay.x264-RuDE_subenglish.srt,0.2095,0.295,0.5244,2.6064139941691,0.6052,2
/home/muralidhar/Downloads/captionfiles/alliwish2017720pblurayx264ytsag-english-124376/All.I.Wish.2017.720p.WEBRip.x264-[YTS.AM].srt,0.2372,0.2648,0.5283,2.6046511627907,0.6044,2
/home/muralidhar/Downloads/captionfiles/barbie-and-the-secret-door-2014-bluray-1080p-avc-dts-hd-ma5-1-chd-english-95724/Barbie and The Secret Door 2014 BluRay 1080p AVC DTS-HD MA5 1-CHD.srt,0.2365,0.2179,0.5302,2.48807157057654,0.6043,2
/home/muralidhar/Downloads/captionfiles/findme2014hdripxvid-juggsetrg-english-123319/Find.Me.2014.HDRip.XViD-juggs[ETRG].srt,0.2921,0.3099,0.5403,2.88576158940397,0.6042,2
/home/muralidhar/Downloads/captionfiles/talesfromthecrypt1972720pblurayx264ytsag-english-116354/Tales From The Crypt 1972 720p.BluRay.x264-[YTS.AG]_eng.srt,0.3558,0.2769,0.5009,2.86357947434293,0.6041,2
/home/muralidhar/Downloads/captionfiles/alvin-and-the-chipmunks-2007-x264-mkv-english-75371/Alvin.And.The.Chipmunks.2007.1080p.BluRay.x264.[YTS.AG].srt,0.2629,0.2121,0.5463,2.57903930131004,0.604,2
/home/muralidhar/Downloads/captionfiles/thetimeoftheirlives2017blurayx264-ytsag-english-120837/The.Time.Of.Their.Lives.2017.BluRay.x264-[YTS.AG].srt,0.2538,0.2132,0.4946,2.42527754056362,0.6035,2
/home/muralidhar/Downloads/captionfiles/becks2017720pblurayx264-ytsag-english-120975/Becks.2017.720p.BluRay.x264-[YTS.AG].srt,0.2609,0.2775,0.4939,2.60171919770774,0.6032,2
/home/muralidhar/Downloads/captionfiles/Readability caption files data/The.Departed.2006.BluRay.1080p.x264.YIFY.srt,0.2288,0.2712,0.5201,2.56692913385827,0.6026,2
/home/muralidhar/Downloads/captionfiles/cars32017720pblurayx264-ytsag-english-116107/Cars.3.2017.720p.BluRay.x264-YTS.AG.srt,0.2291,0.2966,0.5127,2.6124737210932,0.6025,2
/home/muralidhar/Downloads/captionfiles/cars32017720pblurayx264-ytsag-english-116107 (1)/Cars.3.2017.720p.BluRay.x264-YTS.AG.srt,0.2291,0.2966,0.5127,2.6124737210932,0.6025,2
/home/muralidhar/Downloads/captionfiles/thewild2006dvdripxvid-unseen-english-79515(1)/The.Wild.2006.DVDRip.XviD-UnSeeN.srt,0.2783,0.1867,0.5057,2.4412955465587,0.6024,2
/home/muralidhar/Downloads/captionfiles/thewild2006dvdripxvid-unseen-english-79515/The.Wild.2006.DVDRip.XviD-UnSeeN.srt,0.2783,0.1867,0.5057,2.4412955465587,0.6024,2
/home/muralidhar/Downloads/captionfiles/midnightcowboy19691080pblurayx264-ytsam-english-127729/Midnight.Cowboy.1969.1080p.BluRay.x264-[YTS.AM].srt,0.2417,0.2407,0.4837,2.42712392829306,0.602,2
/home/muralidhar/Downloads/captionfiles/highsociety2017brripxvidmp3-xvid-english-122792/High.Society.2017.BRRip.XviD.MP3-XVID.srt,0.3218,0.201,0.468,2.48720066061106,0.6016,2
/home/muralidhar/Downloads/captionfiles/the-return-of-ringo-il-ritorno-di-ringo-1965-it-brd-720p-english-124983/The Return of Ringo (Il ritorno di Ringo) (1965) IT BRD 720p.srt,0.3894,0.3451,0.5177,3.13709677419355,0.6008,2
/home/muralidhar/Downloads/captionfiles/Readability caption files data/10. fight-club-yify-english.srt,0.3015,0.246,0.5108,2.6504401864319,0.6007,2
/home/muralidhar/Downloads/captionfiles/snezhnayakoroleva2perezamorozka2014720pblurayx264ytsag-english-123884/The.Snow.Queen.2.2015.BRRip.XviD.AC3-EVO-HI.srt,0.2895,0.252,0.5129,2.63700234192037,0.6002,2
/home/muralidhar/Downloads/captionfiles/keepwatching20181080pweb-dlh264ac3-evo-english-120928/Keep.Watching.2018.1080p.WEB-DL.H264.AC3-EVO.srt,0.2806,0.1719,0.5179,2.42686567164179,0.6001,2
/home/muralidhar/Downloads/captionfiles/theothersideofheaven2001dvdripdivxxpd-english-124432/The.Other.Side.of.Heaven.(2001).DVDRip.DivX.XPD.srt,0.3055,0.2981,0.544,2.86807095343681,0.5999,1
/home/muralidhar/Downloads/captionfiles/plenty1985720pblurayx264-ytsam-english-132055/Plenty.1985.720p.BluRay.x264-[YTS.AM].srt,0.3123,0.3342,0.5182,2.90688575899844,0.5993,1
/home/muralidhar/Downloads/captionfiles/kinkyboots2005720pblurayx264ytsag-english-117285/Kinky.Boots.2005.720p.BluRay.x264-[YTS.AG].EN.srt,0.275,0.2727,0.5268,2.6810766721044,0.5992,1
/home/muralidhar/Downloads/captionfiles/Readability caption files data/the-lord-of-the-rings-the-return-of-the-king-yify-english.srt,0.294,0.2294,0.5433,2.65840220385675,0.5987,1
/home/muralidhar/Downloads/captionfiles/apistolforringo1965720pblurayx264ytsag-english-125019/A Pistol for Ringo (Una pistola per Ringo) (1965) IT BRD 720p.srt,0.2653,0.3025,0.5896,2.88257222739981,0.5985,1
/home/muralidhar/Downloads/captionfiles/thegoodneighbor2016brripxvidmp3-rarbg-english-117406/The.Good.Neighbor.2016.BRRip.XviD.MP3-RARBG.srt,0.2894,0.3179,0.5407,2.85809523809524,0.5983,1
/home/muralidhar/Downloads/captionfiles/thebigblue1988720pblurayx264-ytsam-english-126924/The.Big.Blue.1988.720p.BluRay.x264-[YTS.AM].srt,0.3147,0.1864,0.5337,2.56694813027744,0.5969,1
/home/muralidhar/Downloads/captionfiles/batmanandharleyquinn2017brripxvidmp3-rarbg-english-113905/Batman.and.Harley.Quinn.2017.BRRip.XviD.MP3-RARBG.srt,0.3881,0.2967,0.4752,2.87772397094431,0.5969,1
/home/muralidhar/Downloads/captionfiles/spacedogsadventuretothemoon2016brripxvidac3-ift-english-100058/Space.Dogs.Adventure.to.the.Moon.2016.BRRip.XviD.AC3-iFT.srt,0.2752,0.28,0.5156,2.65274151436031,0.5963,1
/home/muralidhar/Downloads/captionfiles/Readability caption files data/the-lord-of-the-rings-the-fellowship-of-the-ring-yify-english.srt,0.2981,0.2784,0.527,2.72514619883041,0.5951,1
/home/muralidhar/Downloads/captionfiles/Readability caption files data/Paths of Glory (1957) [720p].srt,0.2877,0.3519,0.5371,2.90096618357488,0.5944,1
/home/muralidhar/Downloads/captionfiles/scooby-doo-music-of-the-vampire-gf-2012-english-80167/Scooby-Doo!.Music.Of.The.Vampire.2012.720p.BluRay.x264-[YTS.AG].srt,0.3273,0.2825,0.5072,2.75338753387534,0.5943,1
/home/muralidhar/Downloads/captionfiles/thevault2017limitedbdripx264-bipolar-english-116287/The.Vault.2017.LIMITED.BDRip.x264-BiPOLAR.srt,0.2452,0.2601,0.5926,2.70493991989319,0.5941,1
/home/muralidhar/Downloads/captionfiles/rootsofevil1979720pblurayx264ytsag-english-119022/Roots Of Evil 1979 720p.BluRay.x264-[YTS.AG]_eng.srt,0.2604,0.2383,0.5341,2.54257641921397,0.5938,1
/home/muralidhar/Downloads/captionfiles/grave-of-the-fireflies-1988-720p-brrip-x264-aac-team-nanban-english-125767/Grave of the Fireflies (1988) 720p BRRiP x264 AAC [Team Nanban].srt,0.3753,0.2089,0.5122,2.69439728353141,0.5931,1
/home/muralidhar/Downloads/captionfiles/watchtower2012dvd-english-127230/Watchtower.2012.DVD.srt,0.2706,0.2395,0.5636,2.63649851632047,0.5928,1
/home/muralidhar/Downloads/captionfiles/Readability caption files data/Saving.Private.Ryan.1998.1080p-720p.BluRay.x264.YIFY.Eng.srt,0.2566,0.2386,0.5053,2.45707519242155,0.5928,1
/home/muralidhar/Downloads/captionfiles/findingsofia2016720pblurayx264ytsag-english-127021/Finding.Sofia.2016.1080p.WEBRip.x264-[YTS.AM].srt,0.2729,0.2397,0.5364,2.57528641571195,0.5927,1
/home/muralidhar/Downloads/captionfiles/thewitches1967720pblurayx264ytsag-english-126958/The.Witches.1967.720p.BluRay.x264.[YTS.AG].srt,0.2961,0.2798,0.5108,2.66756513926325,0.5926,1
/home/muralidhar/Downloads/captionfiles/amovingromance2017720pblurayx264ytsag-english-124383/A.Moving.Romance.2017.1080p.AMZN.WEBRip.DDP2.0.x264-ABM-HI.srt,0.215,0.3405,0.5282,2.65720903300521,0.5922,1
/home/muralidhar/Downloads/captionfiles/the-jungle-book-1967-720p-bluray-x264-aac-ozlem-english-83650/The.Jungle.Book.1967.720p.BluRay.x264-[YTS.AG].srt,0.273,0.2752,0.4894,2.54343807763401,0.592,1
/home/muralidhar/Downloads/captionfiles/killingground2016bdripxvidac3-evo-english-116706/Killing.Ground.2016.BDRip.XviD.AC3-EVO.srt,0.2962,0.1759,0.5411,2.48270893371758,0.5919,1
/home/muralidhar/Downloads/captionfiles/switchingchannels1988720pwebripx264-ytsam-english-124597/Switching.Channels.1988.720p.WEBRip.x264-[YTS.AM].srt,0.299,0.2108,0.4948,2.45934959349593,0.5915,1
/home/muralidhar/Downloads/captionfiles/ultramarines-a-warhammer-40000-movie-2010-720p-bluray-dd51-x264-publichdeng-english-125076/Ultramarines A Warhammer 40000 Movie 2010 720p BluRay DD5.1 x264-PublicHD.Eng.srt,0.427,0.2078,0.5643,2.92943548387097,0.5907,1
/home/muralidhar/Downloads/captionfiles/abeandphilslastpokergame2017web-dlxvidmp3-fgt-english-122645/Abe.and.Phils.Last.Poker.Game.2017.WEB-DL.XviD.MP3-FGT.srt,0.2362,0.2534,0.5442,2.52420016406891,0.5904,1
/home/muralidhar/Downloads/captionfiles/ithappenedtojane1959720pblurayx264ytsag-english-117509/It.Happened.To.Jane.1959.720p.BluRay.x264-[YTS.AG].srt,0.2639,0.2761,0.536,2.62147281486579,0.5895,1
/home/muralidhar/Downloads/captionfiles/theevilwithin2017720pblurayx264-spooks-english-116048/The.Evil.Within.2017.720p.BluRay.x264-SPOOKS.srt,0.2924,0.3613,0.5274,2.87545787545788,0.5892,1
/home/muralidhar/Downloads/captionfiles/whenwefirstmet2018webripx264-fgt-english-120930/When.We.First.Met.2018.WEBRip.x264-FGT.srt,0.2337,0.2028,0.4807,2.22734852695942,0.5882,1
/home/muralidhar/Downloads/captionfiles/townontrial1957remasteredbdripx264-ghouls-english-124992/Town.on.Trial.1957.REMASTERED.BDRip.x264-GHOULS.srt,0.2517,0.2709,0.5276,2.54530059271804,0.5874,1
/home/muralidhar/Downloads/captionfiles/yogahosers2016720pblurayx264-yts-english-126919/Yoga.Hosers.2016.720p.BluRay.x264-YTS.srt,0.3106,0.1947,0.4631,2.34641873278237,0.5873,1
/home/muralidhar/Downloads/captionfiles/yogahosers2016720pblurayx264-yts-english-126919(1)/Yoga.Hosers.2016.720p.BluRay.x264-YTS.srt,0.3106,0.1947,0.4631,2.34641873278237,0.5873,1
/home/muralidhar/Downloads/captionfiles/mylittleponythemovie2017brripxvidac3-evo-english-119111/My.Little.Pony.The.Movie.2017.BRRip.XviD.AC3-EVO.srt,0.2512,0.2431,0.5095,2.42941611234294,0.5868,1
/home/muralidhar/Downloads/captionfiles/darkcrimes2016720pblurayx264ytsag-english-126970/Dark.Crimes.2018.HDRip.XviD.AC3-EVO-HI.srt,0.3823,0.2081,0.529,2.70810055865922,0.5866,1
/home/muralidhar/Downloads/captionfiles/birthmarked2018web-dlxvidmp3-fgt-english-124219/Birthmarked.2018.WEB-DL.XviD.MP3-FGT.srt,0.3571,0.2529,0.4918,2.66448979591837,0.5865,1
/home/muralidhar/Downloads/captionfiles/wheelman2017webripx264-fgt-english-120496/Wheelman.2017.WEBRip.x264-FGT.srt,0.162,0.1993,0.56,2.22641509433962,0.5862,1
/home/muralidhar/Downloads/captionfiles/thealamo1960720pblurayx264ytsag-english-127339/The Alamo.srt,0.2759,0.2976,0.502,2.5988603988604,0.5862,1
/home/muralidhar/Downloads/captionfiles/slumber2017bdripx264-latency-english-124214/Slumber.2017.BDRip.x264-LATENCY.srt,0.283,0.2656,0.5242,2.58988015978695,0.5858,1
/home/muralidhar/Downloads/captionfiles/batmanbadblood2016hdripxvidac3-evo-english-76768/Batman.Bad.Blood.2016.HDRip.XviD.AC3-EVO.srt,0.3752,0.3199,0.5455,2.99511400651466,0.5858,1
/home/muralidhar/Downloads/captionfiles/justiceleaguedark2017hdripxvidac3-ift-english-103300/Justice.League.Dark.2017.HDRip.XviD.AC3-iFT.srt,0.395,0.3094,0.541,3.0045045045045,0.5855,1
/home/muralidhar/Downloads/captionfiles/the-midnight-man-2016-english-122603/The.Midnight.Man.2016.720p.BluRay.x264-RUSTED-HI.srt,0.2649,0.2349,0.507,2.42747358309318,0.5852,1
/home/muralidhar/Downloads/captionfiles/christmasinheritance2017720pblurayx264ytsag-english-120764/Christmas.Inheritance.2017.720p.BluRay.x264-[YTS.AG].srt,0.2406,0.2546,0.504,2.40765171503958,0.585,1
/home/muralidhar/Downloads/captionfiles/Readability caption files data/The.Green.Mile.1999.720p.BluRay.x264.YIFY.HI.srt,0.2447,0.2578,0.5076,2.43187531422826,0.5846,1
/home/muralidhar/Downloads/captionfiles/thefeels2017720pblurayx264ytsag-english-124252/The.Feels.2017.BRRip.XviD.AC3-EVO-HI.srt,0.2075,0.3166,0.5108,2.48946135831382,0.5843,1
/home/muralidhar/Downloads/captionfiles/Readability caption files data/whiplash.720p.BluRay.x264.YIFY.srt,0.2808,0.2266,0.5051,2.43592552026287,0.5843,1
/home/muralidhar/Downloads/captionfiles/flavoursofyouth2018720pblurayx264ytsag-english-131496/Flavours.Of.Youth.2018.720p.WEBRip.x264-[YTS.AM].srt,0.2959,0.2887,0.5435,2.70992366412214,0.5837,1
/home/muralidhar/Downloads/captionfiles/beyondskyline2017720pblurayx264ytsag-english-119163/Beyond.Skyline.2017.720p.BRRip.XviD.AC3-RARBG.srt,0.2743,0.1519,0.556,2.35187580853816,0.5824,1
/home/muralidhar/Downloads/captionfiles/indarkness2018720pblurayx264ytsag-english-127320/In.Darkness.2018.720p.WEBRip.x264-[YTS.AM].srt,0.3403,0.3404,0.541,2.92530120481928,0.5824,1
/home/muralidhar/Downloads/captionfiles/barbiestarlightadventure2016brripxvidmp3-rarbg-english-94951/Barbie.Star.Light.Adventure.2016.BRRip.XviD.MP3-RARBG.srt,0.2909,0.2382,0.5606,2.60889395667047,0.5823,1
/home/muralidhar/Downloads/captionfiles/mayathebeethehoneygames2018720pblurayx264ytsag-english-125812/Maya.the.Bee.2.The.Honey.Games.2018.HDRip.AC3.X264-CMRG-HI.srt,0.246,0.2351,0.4974,2.34046692607004,0.5819,1
/home/muralidhar/Downloads/captionfiles/batmangothambygaslight2018limiteddvdripx264-lpd-english-121049/Batman.Gotham.By.Gaslight.2018.LiMiTED.DVDRip.x264-LPD.srt,0.4261,0.3082,0.4944,2.93808882907133,0.5818,1
/home/muralidhar/Downloads/captionfiles/Readability caption files data/Django.Unchained.2012.1080p-720p.BluRay.x264.YIFY.Hearing.Impaired.Eng.srt,0.2481,0.342,0.4781,2.55243088655863,0.5815,1
/home/muralidhar/Downloads/captionfiles/inthiscorneroftheworld2016bdripx264-haiku-english-121666/In.This.Corner.of.the.World.2016.BDRip.x264-HAiKU.srt,0.2848,0.2862,0.5343,2.6361014994233,0.5807,1
/home/muralidhar/Downloads/captionfiles/thereturnofjafar1994brripxvidmp3-rarbg-english-75092/The.Return.Of.Jafar.1994.BRRip.XviD.MP3-RARBG.srt,0.3293,0.2202,0.511,2.52737752161383,0.5804,1
/home/muralidhar/Downloads/captionfiles/youngdoctorsinlove19821080pblurayx264-psychd-english-119191/Young.Doctors.in.Love.1982.1080p.BluRay.x264-PSYCHD.srt,0.2832,0.2439,0.5044,2.45738636363636,0.5802,1
/home/muralidhar/Downloads/captionfiles/gringo2018v2720pamzwebrip-h264-zit-english-127171/Gringo.2018.V2.720p.AMZ.WEBRip-H264-Zi$t.srt,0.2641,0.2339,0.502,2.37912509593246,0.5797,1
/home/muralidhar/Downloads/captionfiles/visionsofeight1973720pblurayx264ytsag-english-127036/Visions of Eight (Various 1973).srt,0.4652,0.5361,0.5052,3.57446808510638,0.5785,1
/home/muralidhar/Downloads/captionfiles/ironmen2017720pblurayx264ytsag-english-124629/Iron.Men.2017.BDRip.x264-DEUTERiUM-HI.srt,0.247,0.3973,0.526,2.76578947368421,0.5769,1
/home/muralidhar/Downloads/captionfiles/amandaandjackgoglamping2017web-dlxvidmp3-fgt-english-123243/Amanda.And.Jack.Go.Glamping.2017.WEB-DL.XviD.MP3-FGT.srt,0.3407,0.3051,0.4627,2.61926605504587,0.5768,1
/home/muralidhar/Downloads/captionfiles/thesecretlifeofpets2016720pblurayx264ytsag-english-106841/The.Secret.Life.of.Pets.2016.720p.HDRiP.750MB.ShAaNiG.srt,0.2612,0.1573,0.4761,2.11156022635408,0.5763,1
/home/muralidhar/Downloads/captionfiles/Readability caption files data/the-prestige-yify-english.srt,0.2493,0.3135,0.5466,2.61628588166374,0.576,1
/home/muralidhar/Downloads/captionfiles/thedeathofsuperman2018720pblurayx264ytsag-english-129147/The.Death.Of.Superman.2018.720p.WEBRip.x264-[YTS.AM].srt,0.3867,0.3238,0.5285,2.91923076923077,0.5756,1
/home/muralidhar/Downloads/captionfiles/ghostintheshellariseborder4-ghoststandsalone2014720pbluraydd51x264-viethd-english-111130/Ghost.in.the.Shell.Arise.Border.4-Ghost.Stands.Alone.2014.720p.BluRay.DD5.1.x264-VietHD.srt,0.4276,0.3895,0.5178,3.14444444444444,0.5755,1
/home/muralidhar/Downloads/captionfiles/whatplanetareyoufrom2000hdtvrip720px264ac3ruseng-english-122997/What.Planet.Are.You.From.(2000).HDTVRip.720p.x264.AC3.RUS.ENG.srt,0.2482,0.2642,0.5359,2.46860229574612,0.5753,1
/home/muralidhar/Downloads/captionfiles/Readability caption files data/The.Great.Dictator.1940.1080p.BluRay.x264.anoXmous_.srt,0.2744,0.2089,0.5331,2.39294871794872,0.5753,1
/home/muralidhar/Downloads/captionfiles/teentitansthejudascontract2017brripxvidmp3-rarbg-english-107126/Teen.Titans.The.Judas.Contract.2017.BRRip.XviD.MP3-RARBG.srt,0.3541,0.2952,0.5495,2.8175,0.5745,1
/home/muralidhar/Downloads/captionfiles/valleyofbones2017web-dlxvidmp3-fgt-english-124688/Valley.of.Bones.2017.WEB-DL.XviD.MP3-FGT.srt,0.2895,0.2558,0.501,2.4546485260771,0.5737,1
/home/muralidhar/Downloads/captionfiles/theprophet2014limited720pblurayx264-infamous-english-76926/The.Prophet.2014.LIMITED.720p.BluRay.x264-iNFAMOUS.srt,0.3586,0.1911,0.5519,2.57912087912088,0.5729,1
/home/muralidhar/Downloads/captionfiles/thevirginsuicides1999remasteredbdripx264-depth-english-124989/The.Virgin.Suicides.1999.REMASTERED.BDRip.x264-DEPTH.srt,0.3246,0.2613,0.5035,2.54728546409807,0.5723,1
/home/muralidhar/Downloads/captionfiles/mickeys-magical-christmas-snowed-in-at-the-house-of-mouse-960x720-23fps-591mb-english-125122/Mickey's Magical Christmas - Snowed in at the House of Mouse (960x720 23fps) 591MB.srt,0.3152,0.1984,0.4568,2.26705202312139,0.572,1
/home/muralidhar/Downloads/captionfiles/halfmagic2018web-dlxvidmp3-fgt-english-122646/Half.Magic.2018.WEB-DL.XviD.MP3-FGT.srt,0.1907,0.246,0.4929,2.17015706806283,0.5716,1
/home/muralidhar/Downloads/captionfiles/thesnowqueen32016720pblurayx264ytsag-english-118186 (1)/The.Snow.Queen.3.2016.720p.BluRay.x264-[YTS.AG]-HI.srt,0.2743,0.2952,0.5129,2.52657399836468,0.5716,1
/home/muralidhar/Downloads/captionfiles/thesnowqueen32016720pblurayx264ytsag-english-118186/The.Snow.Queen.3.2016.720p.BluRay.x264-[YTS.AG]-HI.srt,0.2743,0.2952,0.5129,2.52657399836468,0.5716,1
/home/muralidhar/Downloads/captionfiles/hangman2017720pblurayx264ytsag-english-122177/Hangman.2017.720p.BluRay.x264-[YTS.AM].srt,0.2777,0.2805,0.5283,2.53574297188755,0.5715,1
/home/muralidhar/Downloads/captionfiles/strangemagic2015720pblurayx264ytsag-english-131836/Strange.Magic.2015.1080p.WEBRip.x264-[YTS.AM].srt,0.2204,0.2028,0.5296,2.22359481161211,0.5715,1
/home/muralidhar/Downloads/captionfiles/marshall2017720pblurayx264ytsag-english-118984/Marshall.2017.720p.BluRay.x264-GECKOS.HI.srt,0.265,0.296,0.5516,2.59612362493452,0.5714,1
/home/muralidhar/Downloads/captionfiles/cabin282017720pblurayx264-getit-english-122995/Cabin.28.2017.720p.BluRay.x264-GETiT.srt,0.2833,0.2937,0.5395,2.60374639769452,0.5712,1
/home/muralidhar/Downloads/captionfiles/thewildlife2016720pblurayx264-ytsag-english-92737/The.Wild.Life.2016.1080p.BluRay.x264-[YTS.AG].srt,0.2964,0.3475,0.5042,2.673828125,0.5706,1
/home/muralidhar/Downloads/captionfiles/the-jungle-book-2-2003-brrip-xvid-mp3-rarbg-english-83687/EN Ori.srt,0.2793,0.209,0.5133,2.33190578158458,0.5705,1
/home/muralidhar/Downloads/captionfiles/timechanger2002dvdripac3xvid-nile-english-127089/Time.Changer.2002.DVDRip.AC3.Xvid-Nile.srt,0.2614,0.3729,0.5481,2.74912891986063,0.5699,1
/home/muralidhar/Downloads/captionfiles/quackerz2016bdripx264-rovers-english-86668/Quackerz.2016.BDRip.x264-ROVERS.srt,0.3025,0.2451,0.5014,2.43914473684211,0.5699,1
/home/muralidhar/Downloads/captionfiles/the-disaster-artist-2017-720p-amzn-web-dl-english-121755/The Disaster Artist (2017) 720p AMZN WEB-DL.srt,0.1386,0.1753,0.5183,1.93482142857143,0.5699,1
/home/muralidhar/Downloads/captionfiles/ruinme2017hdripac3x264-evo-english-130514/Ruin.Me.2017.HDRip.AC3.X264-EVO.srt,0.289,0.2159,0.5272,2.39330922242315,0.5688,1
/home/muralidhar/Downloads/captionfiles/tadthelostexplorerandthesecretofkingmidas2017720pblurayx264-ytsme-english-128688/Tad.the.Lost.Explorer.and.the.Secret.of.King.Midas.2017.720p.BluRay.x264-[YTS.ME].srt,0.274,0.1793,0.5171,2.24952919020716,0.5686,1
/home/muralidhar/Downloads/captionfiles/abadmomschristmas2017720pblurayx264-ytsag-english-120233/A.Bad.Moms.Christmas.2017.720p.BluRay.x264-[YTS.AG].srt,0.2201,0.2166,0.4938,2.15389150943396,0.568,1
/home/muralidhar/Downloads/captionfiles/voyeur2017720pblurayx264ytsag-english-120708/Voyeur.2017.DOCU.WEBRip.x264-FGT.srt,0.256,0.4425,0.5316,2.84647302904564,0.5679,1
/home/muralidhar/Downloads/captionfiles/cubaandthecameraman2017nf1080pdd51x264-sadecebluray-english-120398/Cuba.and.the.Cameraman.2017.NF.1080p.DD.5.1.x264-SadeceBluRay.srt,0.2175,0.2711,0.5189,2.33173333333333,0.5679,1
/home/muralidhar/Downloads/captionfiles/furlough2018hdripxvidac3-evo-english-123389/Furlough.2018.HDRip.XviD.AC3-EVO.srt,0.2486,0.2247,0.5016,2.2551724137931,0.5677,1
/home/muralidhar/Downloads/captionfiles/sweetvirginia2017limitedbdripx264-veto-english-119992/Sweet.Virginia.2017.LiMiTED.BDRip.x264-VETO.srt,0.2959,0.2195,0.567,2.50130208333333,0.5673,1
/home/muralidhar/Downloads/captionfiles/film-stars-dont-die-in-liverpool-2017-1080p-x264-en-english-123599/Film Stars Don't Die In Liverpool 2017 1080p x264 En.srt,0.2726,0.2488,0.4691,2.28571428571429,0.5667,1
/home/muralidhar/Downloads/captionfiles/almostfriends2016brripxvidac3-evo-english-119935/Almost.Friends.2016.BRRip.XviD.AC3-EVO.srt,0.2243,0.2256,0.5407,2.28472755180353,0.5664,1
/home/muralidhar/Downloads/captionfiles/themeyerowitzstories2017720pblurayx264ytsag-english-120537/The.Meyerowitz.Stories.2017.720p.BluRay.x264-[YTS.AG].srt,0.208,0.2932,0.4932,2.2919741697417,0.5661,1
/home/muralidhar/Downloads/captionfiles/themiracleworker1962720pblurayx264ytsag-english-116351/The.Miracle.Worker.1962.1080p.BluRay.x264-SiNNERS.srt,0.3061,0.2841,0.5371,2.59824368825467,0.5661,1
/home/muralidhar/Downloads/captionfiles/thehumanitybureau2017bdripxvidac3-evo-english-124850/The.Humanity.Bureau.2017.BDRip.XviD.AC3-EVO.srt,0.3452,0.2961,0.5799,2.81410974244121,0.566,1
/home/muralidhar/Downloads/captionfiles/icarus2017720pblurayx264ytsag-english-122536/Icarus.2017.720p.WEBRip.x264-STRiFE .HI.srt,0.2789,0.3624,0.5223,2.67820443482964,0.5655,1
/home/muralidhar/Downloads/captionfiles/hostages20171080pblurayx264-ytsam-english-122479/Hostages.2017.1080p.BluRay.x264-[YTS.AM].srt,0.3484,0.2462,0.571,2.681592039801,0.5653,1
/home/muralidhar/Downloads/captionfiles/hiddencamera2007720pwebripx264-ytsam-english-124129/Hidden.Camera.2007.720p.WEBRip.x264-[YTS.AM].srt,0.3269,0.289,0.5195,2.61182714177407,0.5653,1
/home/muralidhar/Downloads/captionfiles/themercy2018brripxvidac3-evo-english-127774/The.Mercy.2018.BRRip.XviD.AC3-EVO.srt,0.3505,0.3321,0.5259,2.77918287937743,0.5652,1
/home/muralidhar/Downloads/captionfiles/monsterhighelectrified2017brripxvidmp3-rarbg-english-107121/Monster.High.Electrified.2017.BRRip.XviD.MP3-RARBG.srt,0.2874,0.2043,0.5192,2.32389580973952,0.565,1
/home/muralidhar/Downloads/captionfiles/undercovergrandpa2017720pblurayx264ytsag-english-123868/Undercover.Grandpa.2017.1080p.NF.WEBRip.DD5.1.x264-SiGMA.HI.srt,0.2624,0.1911,0.4983,2.18760285244103,0.5649,1
/home/muralidhar/Downloads/captionfiles/theweightofwater2000720pblurayx264ytsag-english-127096/The.Weight.of.Water.2000.1080p.BluRay.x264-PSYCHD.srt,0.3362,0.293,0.54,2.68629254829807,0.5648,1
/home/muralidhar/Downloads/captionfiles/ace-wonder-message-from-a-dead-man-2014-dvdrip-x264-handjob-filmeuycom-english-123487/Ace Wonder Message from a Dead Man 2014 DVDRip x264-HANDJOB FILMEUY.COM.srt,0.3005,0.3829,0.5397,2.81021897810219,0.5648,1
/home/muralidhar/Downloads/captionfiles/londontobrighton2006720pblurayx264ytsag-english-121993/London.To.Brighton.2006.720p.BluRay.x264-[YTS.AM].srt,0.2304,0.24,0.5301,2.29843561973526,0.5647,1
/home/muralidhar/Downloads/captionfiles/themanwhowasntthere2001720pblurayx264ytsag-english-127565/The Man Who Wasn't There EN.srt,0.2933,0.3119,0.5116,2.56162464985994,0.564,1
/home/muralidhar/Downloads/captionfiles/neighbourno1320051080pamznweb-dlddp20x264-arin-english-127229/Neighbour.No.13.2005.1080p.AMZN.WEB-DL.DDP2.0.x264-ARiN.srt,0.3582,0.1156,0.5668,2.38564273789649,0.5638,1
/home/muralidhar/Downloads/captionfiles/mostbeautifulisland2017limited720pblurayx264-cadaver-english-121963/Most.Beautiful.Island.2017.LiMiTED.720p.BluRay.x264-CADAVER.srt,0.3205,0.3289,0.5455,2.73422562141491,0.563,1
/home/muralidhar/Downloads/captionfiles/unsane2018720pblurayx264ytsag-english-127551/Unsane.2018.1080p.WEB-DL.H264.AC3-EVO.srt,0.2741,0.2707,0.5366,2.47486465583913,0.563,1
/home/muralidhar/Downloads/captionfiles/theashram2018hdripxvidac3-evo-english-123963/The.Ashram.2018.HDRip.XviD.AC3-EVO.srt,0.2786,0.2376,0.5695,2.48267622461171,0.5627,1
/home/muralidhar/Downloads/captionfiles/silentnight2017720pblurayx264ytsag-english-125016/Silent.Night.2017.720p.BluRay.x264-ROVERS.srt,0.2834,0.1757,0.5547,2.31736526946108,0.5625,1
/home/muralidhar/Downloads/captionfiles/monsterhighthegreatscarrierreef2016bdripx264-rovers-english-80913/Monster.High.The.Great.Scarrier.Reef.2016.BDRip.x264-ROVERS.srt,0.2867,0.2515,0.4916,2.35253227408143,0.5623,1
/home/muralidhar/Downloads/captionfiles/themostdangerousgame19321080pblurayx264-ytsam-english-122552/The.Most.Dangerous.Game.1932.1080p.BluRay.x264-[YTS.AM].srt,0.3551,0.311,0.5513,2.77886178861789,0.5619,1
/home/muralidhar/Downloads/captionfiles/lastdaysinthedesert2015720pblurayx264-walmart-english-119654/Last.Days.in.the.Desert.2015.720p.BluRay.x264-WaLMaRT.srt,0.3703,0.3256,0.5741,2.89864864864865,0.5619,1
/home/muralidhar/Downloads/captionfiles/wxiiipatlaborthemovie3yifyytsag-english-85363/Patlabor_The_Movie_3.BluRay.720p.srt,0.4071,0.2607,0.536,2.74738067520372,0.5618,1
/home/muralidhar/Downloads/captionfiles/lastflagflying2017720pblurayx264-ytsag-english-119793/Last.Flag.Flying.2017.720p.BluRay.x264-[YTS.AG].srt,0.2342,0.2524,0.5082,2.26592427616926,0.561,1
/home/muralidhar/Downloads/captionfiles/patticakes2017720pblurayx264-ytsag-english-116703/Patti.Cakes.2017.720p.BluRay.x264-[YTS.AG].srt,0.2719,0.2456,0.4308,2.15948777648428,0.5609,1
/home/muralidhar/Downloads/captionfiles/trolls2016720p1080pblurayyts-yify-english-103234/Trolls.2016.720p.1080p.BluRay.YTS-YIFY.srt,0.2115,0.1788,0.5482,2.13652868554829,0.5607,1
/home/muralidhar/Downloads/captionfiles/a-plastic-ocean-english-subtitles-zip-english-121525/A.Plastic.Ocean.2016.BluRay-YTS.HI.eng.srt,0.3483,0.4696,0.5081,3.01782945736434,0.5606,1
/home/muralidhar/Downloads/captionfiles/bladeoftheimmortal2017japanese720pblurayx264-ytsag-english-121054/Blade.of.the.Immortal.2017.JAPANESE.720p.BluRay.x264-[YTS.AG].srt,0.3312,0.2636,0.5377,2.57479508196721,0.5602,1
/home/muralidhar/Downloads/captionfiles/evil-of-dracula-1974-720p-bluray-x264-ghouls-english-127666/Evil of Dracula 1974 720p BluRay x264-GHOULS.srt,0.3306,0.337,0.5287,2.72022955523673,0.5602,1
/home/muralidhar/Downloads/captionfiles/Readability caption files data/5.Angry.Men.1957.720p.BluRay.x264-SiNNERS.srt,0.1834,0.3834,0.5533,2.54710356933879,0.5602,1
/home/muralidhar/Downloads/captionfiles/a-boy-named-charlie-brown-1969-720p-bluray-x264-pfa-english-82921/A.Boy.Named.Charlie.Brown.1969.720p.BluRay.x264-[YTS.AG].srt,0.3018,0.3324,0.528,2.64201500535906,0.5601,1
/home/muralidhar/Downloads/captionfiles/curse-accident2017bdripx264-en-english-120588/curse-Accident.2017.BDRip.x264-en.srt,0.3253,0.1877,0.5757,2.4750430292599,0.5601,1
/home/muralidhar/Downloads/captionfiles/ichithekiller2001720pblurayx264ytsag-english-124890/Ichi.The.Killer.2001.1080p.BluRay.x264-[YTS.AM].srt,0.2722,0.2441,0.5367,2.39138755980861,0.5597,1
/home/muralidhar/Downloads/captionfiles/toolateblues1961720pblurayx264ytsag-english-126952/Too Late Blues (1961).Eng.Brrip.720p.srt,0.2039,0.2894,0.5357,2.3351226993865,0.5593,1
/home/muralidhar/Downloads/captionfiles/crookedhouse2017720pblurayx264-ytsag-english-120560/Crooked.House.2017.720p.BluRay.x264-[YTS.AG].srt,0.2865,0.292,0.5242,2.49864682002706,0.5587,1
/home/muralidhar/Downloads/captionfiles/thesuffering2016hdripxvid-etrg-english-123961/The.Suffering.2016.HDRip.XViD-ETRG.srt,0.407,0.2536,0.5261,2.68289637952559,0.5577,1
/home/muralidhar/Downloads/captionfiles/ben-hur19591080pblurayx264-ytsag-english-84541/Ben-Hur_eng.srt,0.2726,0.2486,0.551,2.42437779195916,0.5577,1
/home/muralidhar/Downloads/captionfiles/chokeslam2016web-dlxvidmp3-fgt-english-123158/Chokeslam.2016.WEB-DL.XviD.MP3-FGT.srt,0.2692,0.2396,0.4961,2.27131782945736,0.5576,1
/home/muralidhar/Downloads/captionfiles/Readability caption files data/the-dark-knight-yify-english.srt,0.2585,0.3136,0.5285,2.48358208955224,0.5568,1
/home/muralidhar/Downloads/captionfiles/scooby-dooandwwecurseofthespeeddemon2016720pbrripxvidac3-rarbg-english-93342/Scooby-Doo.And.WWE.Curse.of.the.Speed.Demon.2016.720p.BRRip.XviD.AC3-RARBG.srt,0.3017,0.334,0.5011,2.56391585760518,0.5566,1
/home/muralidhar/Downloads/captionfiles/patlaborthemoviei1989bdripx264aacminisd-tlf-english-85255/Patlabor.The.Movie.I.1989.BDRip.x264.AAC.miniSD-TLF.srt,0.3499,0.3825,0.5558,2.90553745928339,0.5566,1
/home/muralidhar/Downloads/captionfiles/thelorax1972720pblurayx264-bipolar-english-90576/The.Lorax.1972.720p.BluRay.x264-BiPOLAR.srt,0.4784,0.3739,0.4925,3.03197674418605,0.5565,1
/home/muralidhar/Downloads/captionfiles/amateur2018720pblurayx264ytsag-english-124978/Amateur.2018.720p.NF.WEBRip.DD5.1.x264-NTG.HI.srt,0.2235,0.3012,0.5434,2.40288315629742,0.5555,1
/home/muralidhar/Downloads/captionfiles/theburningbed1984720pblurayx264-ytsag-english-119662/The.Burning.Bed.1984.720p.BluRay.x264-[YTS.AG].srt,0.2198,0.3187,0.5653,2.48252911813644,0.5554,1
/home/muralidhar/Downloads/captionfiles/gameoverman2018720pblurayx264ytsag-english-123667/Game Over,0.2453,0.2087,0.4854,2.11139499233521,0.5551,1
/home/muralidhar/Downloads/captionfiles/aliandnino2016brripxvidmp3-rarbg-english-116166/Ali.and.Nino.2016.BRRip.XviD.MP3-RARBG.srt,0.3509,0.2958,0.5218,2.61976047904192,0.554,1
/home/muralidhar/Downloads/captionfiles/the-transformers-the-movie-1986-1080p-bluray-x264-hv-english-82739/The.Transformers.The.Movie.1986.720p.BluRay.x264-[YTS.AG].srt,0.3724,0.2775,0.4958,2.56835306781485,0.5539,1
/home/muralidhar/Downloads/captionfiles/americansatan2017brripxvidmp3-xvid-english-120230/American.Satan.2017.BRRip.XviD.MP3-XVID.srt,0.2558,0.2823,0.5253,2.38238993710692,0.5536,1
/home/muralidhar/Downloads/captionfiles/altered-hours-2016-english-123917/Altered.Hours.2016.WEB-DL.x264-ION10.srt,0.279,0.3222,0.5581,2.59502074688797,0.5533,1
/home/muralidhar/Downloads/captionfiles/lbj2016bdripx264-geckos-english-119938/LBJ.2016.BDRip.x264-GECKOS.srt,0.2936,0.3995,0.5345,2.74640804597701,0.553,1
/home/muralidhar/Downloads/captionfiles/Readability caption files data/The Usual Suspects (1995) [720p] x264 - Jalucian.srt,0.2612,0.3196,0.5244,2.46994535519126,0.5525,1
/home/muralidhar/Downloads/captionfiles/captaincorellismandolin2001720pblurayx264ytsag-english-117530/Captain.Corellis.Mandolin.2001.1080p.BluRay.x264-SiNNERS.eng.srt,0.3809,0.3735,0.5207,2.84515484515485,0.5518,1
/home/muralidhar/Downloads/captionfiles/professormarstonandthewonderwomen2017bdripx264-drones-english-119569/Professor.Marston.And.The.Wonder.Women.2017.BDRip.x264-DRONES.srt,0.3279,0.2617,0.5121,2.45596330275229,0.5514,1
/home/muralidhar/Downloads/captionfiles/Readability caption files data/Star.Wars.Episode.5.The.Empire.Strikes.Back.1980.1080p.BrRip.x264.BOKUTOX.YIFY.srt,0.2868,0.2666,0.5707,2.50484581497797,0.5512,1
/home/muralidhar/Downloads/captionfiles/tulipfever2017brripxvidac3-evo-english-117081/Tulip.Fever.2017.BRRip.XviD.AC3-EVO.srt,0.3123,0.2179,0.509,2.31449814126394,0.551,1
/home/muralidhar/Downloads/captionfiles/mickeyshouseofvillains2001720pweb-dldd51h264-fgt-english-125123/Mickeys.House.Of.Villains.2001.720p.WEB-DL.DD5.1.H264-FGT.srt,0.4001,0.1968,0.4694,2.37017310252996,0.5501,1
/home/muralidhar/Downloads/captionfiles/thewomanwholeft2016limited720pblurayx264-usury-english-122748/The.Woman.Who.Left.2016.LIMITED.720p.BluRay.x264-USURY.srt,0.2714,0.2108,0.5219,2.22887956860395,0.5495,1
/home/muralidhar/Downloads/captionfiles/riseofthefootsoldier32017limitedbdripx264-cadaver-english-119939/Rise.Of.The.Footsoldier.3.2017.LIMITED.BDRip.x264-CADAVER.srt,0.2394,0.3188,0.5525,2.46289493019838,0.549,1
/home/muralidhar/Downloads/captionfiles/lego-dc-comics-superheroes-justice-league-gotham-city-breakout-2016-720p-web-dl-600mb-mkvcage-english-89452/Lego.DC.Comics.Superheroes.Justice.League.-.Gotham.City.Breakout.2016.720p.BluRay.x264-[YTS.AG].srt,0.3432,0.3088,0.4983,2.55077767612077,0.549,1
/home/muralidhar/Downloads/captionfiles/vladimiretrosa1971720pblurayx264ytsag-english-127008/Vladimir.and.Rosa.1971.720p.BluRay.x264-GHOULS.srt,0.3598,0.4974,0.5431,3.1049092131809,0.549,1
/home/muralidhar/Downloads/captionfiles/6belowmiracleonthemountain2017brripxvidac3-evo-english-117183/6.Below.Miracle.on.the.Mountain.2017.BRRip.XviD.AC3-EVO.srt,0.3262,0.2667,0.5475,2.52609603340292,0.5486,1
/home/muralidhar/Downloads/captionfiles/evil-toons-english-127723/Evil.Toons.1992.1080p.x264.srt,0.3213,0.3853,0.5275,2.73211963589077,0.5483,1
/home/muralidhar/Downloads/captionfiles/geo-disaster2017720pblurayh264aac-rarbg-english-116168/Geo-Disaster.2017.720p.BluRay.H264.AAC-RARBG.srt,0.293,0.2311,0.5085,2.28383458646617,0.5479,1
/home/muralidhar/Downloads/captionfiles/Readability caption files data/Intouchables Untouchable  (2011).DVDRip.BLOODYMARY.en.srt,0.2536,0.2018,0.5218,2.16144096064043,0.5479,1
/home/muralidhar/Downloads/captionfiles/bright2017webripx264-fgt-english-120024/Bright.2017.WEBRip.x264-FGT.srt,0.2275,0.2234,0.526,2.16021126760563,0.5478,1
/home/muralidhar/Downloads/captionfiles/devilinthedark2017web-dlxvidmp3-fgt-english-122039/Devil.in.the.Dark.2017.WEB-DL.XviD.MP3-FGT.srt,0.2812,0.226,0.5331,2.29088639200999,0.5459,1
/home/muralidhar/Downloads/captionfiles/enough2002720pwebripx264-ytsam-english-124538/Enough.2002.720p.WEBRip.x264-[YTS.AM].srt,0.2691,0.2376,0.562,2.35169082125604,0.5456,1
/home/muralidhar/Downloads/captionfiles/daphneandvelma2018brripxvidmp3-xvid-english-127243/Daphne.and.Velma.2018.BRRip.XviD.MP3-XVID.srt,0.2704,0.2282,0.4984,2.19363957597173,0.5455,1
/home/muralidhar/Downloads/captionfiles/thefastest2017720pblurayx264ytsag-english-127459/The.Fastest.2017.1080p.BluRay.x264-[YTS.AM].srt,0.3637,0.1854,0.5322,2.37855297157623,0.5454,1
/home/muralidhar/Downloads/captionfiles/web-dl-english-127085/Balu Mahi.srt,0.2097,0.2924,0.5496,2.30929024812464,0.5446,1
/home/muralidhar/Downloads/captionfiles/caught2018hdripxvidac3-evo-english-124402/Caught.2018.HDRip.XviD.AC3-EVO.srt,0.2832,0.241,0.5442,2.34611697027804,0.5446,1
/home/muralidhar/Downloads/captionfiles/Readability caption files data/The.Shawshank.Redemption.1994.1080p.x264.YIFY.srt,0.2931,0.3308,0.5278,2.52754590984975,0.5443,1
/home/muralidhar/Downloads/captionfiles/stickman2015720pblurayx264-guacamole-english-103443/Stick.Man.2015.720p.BluRay.x264-GUACAMOLE.srt,0.4131,0.2248,0.5476,2.6,0.544,1
/home/muralidhar/Downloads/captionfiles/toromewithlove2012720pblurayx264ytsag-english-124897/To.Rome.With.Love.2012.720p.BluRay.x264-[YTS.AM].eng.srt,0.2446,0.2603,0.4914,2.18274629913221,0.5436,1
/home/muralidhar/Downloads/captionfiles/toromewithlove2012720pblurayx264ytsag-english-124897/To.Rome.With.Love.2012.1080p.BluRay.x264-[YTS.AM].eng.srt,0.2446,0.2603,0.4914,2.18274629913221,0.5436,1
/home/muralidhar/Downloads/captionfiles/remember-me-2016-english-124422/Remember Me 2016.srt,0.2433,0.3708,0.5324,2.51225490196078,0.5436,1
/home/muralidhar/Downloads/captionfiles/alongwiththegodsthetwoworlds2017720pblurayx264ytsag-english-122570/Along.With.The.Gods.The.Two.Worlds.2017.720p.WEBRip.x264-[YTS.AM]-resync.srt,0.2929,0.2686,0.5402,2.41289893617021,0.5434,1
/home/muralidhar/Downloads/captionfiles/thevoiceofthemoon1990720pblurayx264ytsag-english-124245/The.Voice.Of.The.Moon.1990.720p.BluRay.x264-[YTS.AM].srt,0.3758,0.2864,0.5498,2.65211267605634,0.543,1
/home/muralidhar/Downloads/captionfiles/dayofthedeadbloodline2018bdripx264-guacamole-english-120341/Day.of.the.Dead.Bloodline.2018.BDRiP.x264-GUACAMOLE.srt,0.3142,0.2767,0.5583,2.51392405063291,0.5429,1
/home/muralidhar/Downloads/captionfiles/wonderstruck2017brripxvidac3-evo-english-123317/Wonderstruck.2017.BRRip.XviD.AC3-EVO.srt,0.3828,0.2086,0.5171,2.425320056899,0.5429,1
/home/muralidhar/Downloads/captionfiles/gangwarinmilan1973bdripx264-vomit-english-119590/Gang.War.in.Milan.1973.BDRip.x264-VoMiT.srt,0.2879,0.2601,0.5111,2.31649831649832,0.5428,1
/home/muralidhar/Downloads/captionfiles/submergence2018hdripxvid-etrg-english-124851/Submergence.2018.HDRip.XViD-ETRG.srt,0.3716,0.3507,0.508,2.24661810613944,0.4524,1
/home/muralidhar/Downloads/captionfiles/josie2017hdripxvidac3-evo-english-123388/Josie.2017.HDRip.XviD.AC3-EVO.srt,0.2906,0.2459,0.4983,1.88433515482696,0.4508,1
/home/muralidhar/Downloads/captionfiles/beingjulia2004720pblurayx264ytsag-english-124521/Being.Julia.2004.1080p.WEBRip.x264-[YTS.AM].srt,0.2497,0.3184,0.4909,1.92236778262979,0.4491,0
/home/muralidhar/Downloads/captionfiles/beingjulia2004720pblurayx264ytsag-english-124521/Being.Julia.2004.720p.WEBRip.x264-[YTS.AM].srt,0.2497,0.3184,0.4909,1.92236778262979,0.4491,0
/home/muralidhar/Downloads/captionfiles/battlecreek2017hdripxvidac3-evo-english-120969/Battlecreek.2017.HDRip.XviD.AC3-EVO.srt,0.2626,0.32,0.5854,2.11293436293436,0.4472,0
/home/muralidhar/Downloads/captionfiles/throneofelves2016720pblurayx264-ytsag-english-114630/Throne.Of.Elves.2016.720p.BluRay.x264-[YTS.AG].srt,0.3158,0.2946,0.5298,2.05876068376068,0.4462,0
/home/muralidhar/Downloads/captionfiles/1buck2017brripxvid-juggs-english-117565/1.Buck.2017.BRRip.XViD-juggs.srt,0.2938,0.2332,0.5366,1.92018779342723,0.4461,0
/home/muralidhar/Downloads/captionfiles/demonhouse720pweb-dlx264-vevo-english-123430/Demon.House.720p.WEB-DL.X264-VEVO.srt,0.2973,0.462,0.545,2.35185185185185,0.4454,0
/home/muralidhar/Downloads/captionfiles/struggleinitaly19711080pblurayx264-ytsammp4-english-127162/Struggle.in.Italy.1971.720p.BluRay.x264-GHOULS.srt,0.3588,0.4021,0.6057,2.46341463414634,0.4452,0
/home/muralidhar/Downloads/captionfiles/superbeast1972brripxvidmp3-xvid-english-127665/Superbeast.1972.BRRip.XviD.MP3-XVID.srt,0.3999,0.2852,0.493,2.12320916905444,0.4451,0
/home/muralidhar/Downloads/captionfiles/thecloverfieldparadox2018720pwebripx264-nuwanhi-english-120707/The.Cloverfield.Paradox.2018.720p.WEBRip.x264.srt,0.1491,0.3135,0.5379,1.80097425191371,0.4445,0
/home/muralidhar/Downloads/captionfiles/topper19371080pblurayx264-sinners-english-116339/Topper.1937.1080p.BluRay.x264-SiNNERS.srt,0.2242,0.2787,0.5117,1.82179752066116,0.4431,0
/home/muralidhar/Downloads/captionfiles/amityville-english-124368/Amityville.Terror.2016.HDRip.XviD.AC3-EVO.srt,0.2831,0.2677,0.5213,1.9247311827957,0.443,0
/home/muralidhar/Downloads/captionfiles/troubleismybusiness2018hdripac3x264-cmrg-english-124426/Trouble.Is.My.Business.2018.HDrip.AC3.X264-CMRG.srt,0.2597,0.384,0.5468,2.13580998781973,0.4426,0
/home/muralidhar/Downloads/captionfiles/firstmatch2018webripxvidmp3-fgt-english-124121/First.Match.2018.WEBRip.XviD.MP3-FGT.srt,0.2496,0.2599,0.5369,1.87709030100334,0.4425,0
/home/muralidhar/Downloads/captionfiles/gook20171080pblurayx264-english-117801/Gook.2017.BRRip.XviD.MP3-RARBG.srt,0.1909,0.2505,0.4798,1.65151515151515,0.4422,0
/home/muralidhar/Downloads/captionfiles/allthemoneyintheworld2017720pblurayx264-ytsam-english-123670/All.The.Money.In.The.World.2017.1080p.BluRay.x264-DRONES.HI.srt,0.2024,0.2754,0.5199,1.78801843317972,0.442,0
/home/muralidhar/Downloads/captionfiles/middleschooltheworstyearsofmylife2016brripxvidac3-ift-english-101267/Middle.School.The.Worst.Years.of.My.Life.2016.BRRip.XviD.AC3-iFT.srt,0.2618,0.2775,0.5352,1.92485549132948,0.4418,0
/home/muralidhar/Downloads/captionfiles/compulsion2016720pblurayx264ytsag-english-123781/Compulsion.2016.1080p.BluRay.x264-[YTS.AM].en.srt,0.4532,0.2175,0.5422,2.17297297297297,0.4418,0
/home/muralidhar/Downloads/captionfiles/rebelintherye2017720pblurayx264-ytsag-english-118863/Rebel.In.the.Rye.2017.720p.BluRay.x264-[YTS.AG].srt,0.2586,0.3796,0.523,2.07760141093474,0.4411,0
/home/muralidhar/Downloads/captionfiles/after-english-127599/After the Storm 2016 720p BluRay x264-WiKi.srt,0.287,0.5642,0.5538,2.51398828887443,0.4411,0
/home/muralidhar/Downloads/captionfiles/glossaryofbrokendreams2018720pblurayx264ytsag-english-128158/Glossary_of_Broken_Dreams_(2018)_____sub_v1.srt,0.4226,0.5,0.4674,2.48639258830342,0.441,0
/home/muralidhar/Downloads/captionfiles/goodbyechristopherrobin2017limitedbdripx264-drones-english-119579/Goodbye.Christopher.Robin.2017.LIMITED.BDRip.x264-DRONES.srt,0.2555,0.2438,0.5223,1.8274415817855,0.441,0
/home/muralidhar/Downloads/captionfiles/beyondtheedge2018720pblurayx264ytsag-english-125681/Beyond.The.Edge.2018.720p.BluRay.x264-[YTS.AM].srt,0.3375,0.4688,0.5326,2.39374325782093,0.4407,0
/home/muralidhar/Downloads/captionfiles/theoutsider2018webripx264-fgt-english-122749/The.Outsider.2018.WEBRip.x264-FGT.srt,0.3505,0.2311,0.5574,2.03540903540904,0.4404,0
/home/muralidhar/Downloads/captionfiles/daddyshome22017720pblurayx264-ytsag-english-120726/Daddys.Home.2.2017.720p.BluRay.x264-YTS.AG.srt,0.2248,0.2396,0.5018,1.72614462986735,0.4403,0
/home/muralidhar/Downloads/captionfiles/beyondthewoods2018720pwebripx264-ytsam-english-124768/beyond.the.woods.2018.dvdrip.x264-spooks.srt,0.2333,0.2461,0.5442,1.8271375464684,0.4398,0
/home/muralidhar/Downloads/captionfiles/farewellmylovely19751080pblurayx264-ytsam-english-124142/Farewell.My.Lovely.1975.720p.BluRay.x264-PSYCHD.srt,0.2809,0.3733,0.5277,2.1036231884058,0.4382,0
/home/muralidhar/Downloads/captionfiles/monstertrucks2016bdripx264-geckos-ytsag-english-106633/Monster.Trucks.2016.BDRip.x264-GECKOS + YTS.AG.srt,0.3001,0.2562,0.5518,1.97139938712972,0.4379,0
/home/muralidhar/Downloads/captionfiles/bullethead2017720pblurayx264-ytsag-english-119577/Bullet.Head.2017.720p.BluRay.x264-[YTS.AG].srt,0.3712,0.3054,0.5625,2.20321469575201,0.4376,0
/home/muralidhar/Downloads/captionfiles/suburbicon2017720pblurayx264-ytsag-english-120553/Suburbicon.2017.720p.BluRay.x264-YTS.AG.srt,0.2803,0.2822,0.5467,1.97093479968578,0.4372,0
/home/muralidhar/Downloads/captionfiles/angelandthebadman1947720pblurayx264-x0r-english-124987/Angel.and.the.Badman.1947.720p.BluRay.x264-x0r.srt,0.3321,0.381,0.545,2.23055028462998,0.436,0
/home/muralidhar/Downloads/captionfiles/whatstillremains2018hdripxvid-avid-english-132206(1)/What.Still.Remains.2018.HDRip.XviD-AVID.srt,0.3119,0.314,0.6062,2.18266253869969,0.4355,0
/home/muralidhar/Downloads/captionfiles/whatstillremains2018hdripxvid-avid-english-132206/What.Still.Remains.2018.HDRip.XviD-AVID.srt,0.3119,0.314,0.6062,2.18266253869969,0.4355,0
/home/muralidhar/Downloads/captionfiles/nomansland1987720pblurayx264ytsag-english-122932/No.Man's.Land.1987.720p.BluRay.x264-[YTS.AM].srt,0.28,0.2133,0.5544,1.85161870503597,0.4342,0
/home/muralidhar/Downloads/captionfiles/smalltowncrime2017720pblurayx264ytsag-english-124020/Small.Town.Crime.2017.1080p.BluRay.x264-[YTS.AM].srt,0.2855,0.2934,0.535,1.96732954545455,0.4338,0
/home/muralidhar/Downloads/captionfiles/batmanthekillingjoke2016brripxvidac3-evo-english-92068/Batman.The.Killing.Joke.2016.BRRip.XviD.AC3-EVO.srt,0.3331,0.3714,0.5475,2.20140280561122,0.4313,0
/home/muralidhar/Downloads/captionfiles/shuttlelife2017720pblurayx264ytsag-english-127290/Fen bei ren sheng - Shuttle Life - 2017.srt,0.2942,0.2638,0.554,1.95333333333333,0.4307,0
/home/muralidhar/Downloads/captionfiles/the-third-murder-2017-english-126173/The.Third.Murder.2017.720p.BluRay.x264.DTS-WiKi.srt,0.1815,0.7225,0.543,2.54109589041096,0.4306,0
/home/muralidhar/Downloads/captionfiles/americananimals2018720pblurayx264ytsag-english-132174/American.Animals.2018.720p.BluRay.x264-DRONES-HI.srt,0.2537,0.3137,0.5262,1.91862567811935,0.43,0
/home/muralidhar/Downloads/captionfiles/thelastwarrior2018bluray720pdtsx264-mteam-english-132295/The.Last.Warrior.2018.BluRay.720p.DTS.x264-MTeam.srt,0.3526,0.3158,0.5503,2.13614262560778,0.4295,0
/home/muralidhar/Downloads/captionfiles/in-search-of-balance-english-121048/In Search Of Balance.srt,0.3722,0.645,0.528,2.70666666666667,0.4291,0
/home/muralidhar/Downloads/captionfiles/thoroughbreds2017720pblurayx264ytsag-english-127195/Thoroughbreds.2017.1080p.WEBRip.x264-[YTS.AM].srt,0.3171,0.2952,0.5113,1.96563011456628,0.4284,0
/home/muralidhar/Downloads/captionfiles/therizen2017web-dlxvidmp3-fgt-english-124428/The.Rizen.2017.WEB-DL.XviD.MP3-FGT.srt,0.3185,0.2892,0.5768,2.0673828125,0.4271,0
/home/muralidhar/Downloads/captionfiles/theexecutioners2017720pblurayx264ytsag-english-124024/The Executioners (2017).srt,0.296,0.0998,0.5285,1.61242236024845,0.4268,0
/home/muralidhar/Downloads/captionfiles/geostorm2017720pblurayx264-ytsag-english-119737/Geostorm.2017.720p.BluRay.x264-[YTS.AG].srt,0.2974,0.2812,0.5484,1.96448087431694,0.4263,0
/home/muralidhar/Downloads/captionfiles/atomicblonde2017720pblurayx264-ytsag-english-116505/Atomic.Blonde.2017.720p.BluRay.x264-YTS.AG.srt,0.3592,0.3498,0.53,2.15443592552026,0.4249,0
/home/muralidhar/Downloads/captionfiles/forgotten2017720phdriph264aac-unknown-english-121885/Forgotten.2017.720p.HDRip.H264.AAC-Unknown.srt,0.2778,0.2569,0.5593,1.90196078431373,0.4248,0
/home/muralidhar/Downloads/captionfiles/returntothe36thchamber19801080pblurayx264-ytsam-english-132095/Return.To.The.36th.Chamber.1980.1080p.BluRay.x264-[YTS.AM].srt,0.2389,0.29,0.5701,1.90750436300175,0.4239,0
/home/muralidhar/Downloads/captionfiles/curseofthemayans2017720pblurayx264ytsag-english-122964/Curse.Of.The.Mayans.2017.720p.WEBRip.x264-[YTS.AM].srt,0.3163,0.2904,0.5208,1.9568345323741,0.4238,0
/home/muralidhar/Downloads/captionfiles/murderontheorientexpress2017720pblurayx264-ytsag-english-120817/Murder.On.The.Orient.Express.2017.720p.BluRay.x264-YTS.AG.srt,0.325,0.3438,0.5037,2.03470715835141,0.4237,0
/home/muralidhar/Downloads/captionfiles/firstperiod2013720pblurayx264ytsag-english-127377/First.Period.2015.720p.AMZN.WEBRip.DDP2.0.x264-NTb.HI.srt,0.2512,0.3482,0.4782,1.86618876941458,0.4226,0
/home/muralidhar/Downloads/captionfiles/the-man-with-the-magic-box-2017-720p-bluray-900mb-movieswbb-english-122533/The Man with the Magic Box (2017) 720p BluRay 900MB - MoviesWbb.srt,0.4155,0.3011,0.5446,2.18315018315018,0.4223,0
/home/muralidhar/Downloads/captionfiles/annihilation2018720pwebripx264-ytsam-english-123048/Annihilation.2018.720p.WEBRip.x264-[YTS.AM].srt,0.3408,0.2391,0.5528,1.95913978494624,0.4218,0
/home/muralidhar/Downloads/captionfiles/birdboytheforgottenchildren2015720pblurayx265hevc-rmteam-english-130032/Birdboy.The.Forgotten.Children.2015.720p.BluRay.x265.HEVC-RMTeam.srt,0.3306,0.2972,0.5651,2.06108597285068,0.4212,0
/home/muralidhar/Downloads/captionfiles/marrowbone2017brripxvidmp3-xvid-english-121725/Marrowbone.2017.BRRip.XviD.MP3-XVID.srt,0.2946,0.2761,0.5588,1.94686503719447,0.4198,0
/home/muralidhar/Downloads/captionfiles/joe1970720pblurayx264ytsag-english-132060/Joe - 1970.srt,0.2672,0.293,0.5175,1.85724690458849,0.4197,0
/home/muralidhar/Downloads/captionfiles/whatliesupstream2017720pblurayx264ytsag-english-127287/What.Lies.Upstream.2017.WEBRip.x264-ION10.HI.srt,0.2987,0.5939,0.5525,2.48739002932551,0.419,0
/home/muralidhar/Downloads/captionfiles/allsaints2017brripxvidac3-evo-english-117533/All.Saints.2017.BRRip.XviD.AC3-EVO.srt,0.2617,0.3142,0.539,1.91831177671886,0.4188,0
/home/muralidhar/Downloads/captionfiles/valerianandthecityofathousandplanets2017720pblurayx264-ytsag-english-116764/Valerian.and.the.City.of.a.Thousand.Planets.2017.720p.BluRay.x264-[YTS.AG].srt,0.3064,0.2408,0.5429,1.87380497131931,0.4182,0
/home/muralidhar/Downloads/captionfiles/lawlesskingdom2013720pblurayx264ytsag-english-127770/Lawless Kingdom.srt,0.2754,0.3758,0.5552,2.07325102880658,0.4181,0
/home/muralidhar/Downloads/captionfiles/returntomontauk2017720pblurayx264ytsag-english-119142/Return.To.Montauk.2017.720p.BluRay.x264-[YTS.AG].srt,0.3054,0.3402,0.5437,2.04116222760291,0.4173,0
/home/muralidhar/Downloads/captionfiles/thelullaby2018720pblurayx264ytsag-english-123176/The Lullaby 2018 [1080p-YIFY].srt,0.3233,0.2083,0.5747,1.89402173913043,0.4159,0
/home/muralidhar/Downloads/captionfiles/peopleyoumayknow2017webripx264-ion10-english-122791/People.You.May.Know.2017.WEBRip.x264-ION10.srt,0.2796,0.3034,0.5045,1.85864240727782,0.4149,0
/home/muralidhar/Downloads/captionfiles/downrange2017720pblurayx264ytsag-english-127737/Downrange.2017.720p.BluRay.x264-[YTS.AM].srt,0.3404,0.2277,0.546,1.90375203915171,0.4148,0
/home/muralidhar/Downloads/captionfiles/loveless2017720pbluraydd51x264-don-english-122438/Loveless.2017.720p.BluRay.DD5.1.x264-DON.srt,0.3099,0.3012,0.5241,1.93690095846645,0.4139,0
/home/muralidhar/Downloads/captionfiles/badgenius2017720pblurayx264ytsag-english-127643/Bad.Genius.2017.BluRay-Corrected.Thai.srt,0.2732,0.3159,0.5529,1.94546850998464,0.413,0
/home/muralidhar/Downloads/captionfiles/thepoughkeepsietapes2007720pblurayx264ytsag-english-116057/The.Poughkeepsie.Tapes.2007.1080p.BluRay.x264-[YTS.AG].srt,0.3207,0.4615,0.5273,2.2263483642794,0.4118,0
/home/muralidhar/Downloads/captionfiles/vampirehunterdbloodlust2000bluray-english-84290/Vampire.Hunter.D.Bloodlust.2000.BluRay.srt,0.2956,0.2595,0.5138,1.80897959183673,0.4091,0
/home/muralidhar/Downloads/captionfiles/Readability caption files data/raiders-of-the-lost-ark-yify-english.srt,0.3124,0.3571,0.5042,1.98313090418354,0.4082,0
/home/muralidhar/Downloads/captionfiles/muse-english-124379/Muse.2017.BRRip.XviD.MP3-XVID.srt,0.2875,0.2303,0.5437,1.7928,0.4079,0
/home/muralidhar/Downloads/captionfiles/shakedown1988720pblurayx264-yts-english-126918/Shakedown.1988.720p.BluRay.x264-YTS.srt,0.3136,0.3484,0.5175,1.98165810711665,0.4048,0
/home/muralidhar/Downloads/captionfiles/inthecloud2018webx264-tbs-english-122040/In.the.Cloud.2018.WEB.x264-TBS.srt,0.3424,0.2276,0.5515,1.88265306122449,0.4043,0
/home/muralidhar/Downloads/captionfiles/kuboandthetwostrings20161080p-720pblurayx264-ytsag-english-98874/Kubo.And.The.Two.Strings.2016.1080p-720p.BluRay.x264-[YTS.AG].srt,0.1961,0.6026,0.531,2.22727272727273,0.403,0
/home/muralidhar/Downloads/captionfiles/19222017webripx264-fgt-english-120079/1922.2017.WEBRip.x264-FGT.srt,0.3198,0.3432,0.5374,2.00986842105263,0.4027,0
/home/muralidhar/Downloads/captionfiles/killingjoan2018hdripac3x264-cmrg-english-124431/Killing.Joan.2018.HDRip.AC3.X264-CMRG.srt,0.2394,0.2782,0.5388,1.76526162790698,0.4016,0
/home/muralidhar/Downloads/captionfiles/estranged2015720pblurayx264ytsag-english-124133/Estranged - 2015 EN.srt,0.3318,0.2067,0.576,1.85977337110482,0.4007,0
/home/muralidhar/Downloads/captionfiles/neverleavealive2017720pamznwebrip-english-127663/Never.Leave.Alive.2017.720p.AMZN.WEBRip.srt,0.3007,0.2831,0.5382,1.87031700288184,0.4001,0
/home/muralidhar/Downloads/captionfiles/threecolorsred1994720pblurayx264ytsag-english-122633/Three.Colors.Red.1994.srt,0.3425,0.273,0.5173,1.88618925831202,0.3994,0
/home/muralidhar/Downloads/captionfiles/romeojuliet1996720pblurayx264ytsag-english-105301/romeo-and-juliet-yify-english.srt,0.1417,0.7337,0.5198,2.31578947368421,0.3975,0
/home/muralidhar/Downloads/captionfiles/jonahlives2015brripxvidmp3-xvid-english-127671/Jonah.Lives.2015.BRRip.XviD.MP3-XVID.srt,0.2554,0.2326,0.5189,1.66666666666667,0.3959,0
/home/muralidhar/Downloads/captionfiles/mohawk2017720pblurayx264ytsag-english-122170/Mohawk.2017.720p.BluRay.x264-[YTS.AM].srt,0.354,0.2356,0.5399,1.86447931526391,0.3942,0
/home/muralidhar/Downloads/captionfiles/kansascityconfidential19521080pblurayx264-ytsam-english-122698/Kansas.City.Confidential.1952.1080p.BluRay.x264-[YTS.AM].srt,0.2679,0.3427,0.5647,1.93976777939042,0.3941,0
/home/muralidhar/Downloads/captionfiles/nighthowl2017hdripac3x264-cmrg-english-127170/Night.Howl.2017.HDRip.AC3.X264-CMRG.srt,0.2853,0.2988,0.5319,1.8412017167382,0.3939,0
/home/muralidhar/Downloads/captionfiles/evilsofthenight1985brripxvidmp3-rarbg-english-116910/Evils.of.the.Night.1985.BRRip.XviD.MP3-RARBG.srt,0.3422,0.3139,0.5287,1.95144356955381,0.3929,0
/home/muralidhar/Downloads/captionfiles/thelastwitnesshdripac3x264-cmrg-english-127473/The.Last.Witness.HDRip.AC3.X264-CMRG.srt,0.3681,0.3352,0.5323,2.03316326530612,0.3923,0
/home/muralidhar/Downloads/captionfiles/americanassassin2017720pblurayx264ytsag-english-117427/American.Assassin.2017.720p.BluRay.x264-[YTS.AG].srt,0.3137,0.2502,0.5368,1.81098039215686,0.3922,0
/home/muralidhar/Downloads/captionfiles/thehitmansbodyguard2017720pblurayx264-ytsag-english-116769/The.Hitmans.BodyGuard.2017.720p.BluRay.x264-[YTS.AG].srt,0.3064,0.3077,0.5409,1.8983164983165,0.3916,0
/home/muralidhar/Downloads/captionfiles/battleofthedrones2017webripx264-ion10-english-122376/Battle.of.the.Drones.2017.WEBRip.x264-ION10.srt,0.2987,0.3277,0.5791,1.97459779847587,0.3895,0
/home/muralidhar/Downloads/captionfiles/truetothegame2017hdripac3x264-cmrg-english-124425/True.To.the.Game.2017.HDrip.AC3.X264-CMRG.srt,0.2257,0.3249,0.5015,1.71892816419612,0.3879,0
/home/muralidhar/Downloads/captionfiles/chasingthedragon2017720pblurayx264ytsag-english-123855/Chasing.The.Dragon.2017.720p.BluRay.x264-[YTS.AM].srt,0.2421,0.2711,0.5644,1.75439591605218,0.3858,0
/home/muralidhar/Downloads/captionfiles/scratspacedout2016720pblurayx264ytsag-english-99092/Scrat.Spaced.Out.2016.720p.BRRip.x264.AAC-ETRG.en.srt,0.9231,0.4,0.4833,2.94117647058824,0.3858,0
/home/muralidhar/Downloads/captionfiles/wutheringheights1970720pblurayx264ytsag-english-127620/Wuthering.Heights.1970.1080p.BluRay.x264-[YTS.AM].srt,0.271,0.2597,0.5311,1.72374429223744,0.384,0
/home/muralidhar/Downloads/captionfiles/thegirlwithouthands2016720pblurayx264ytsag-english-122041 (1)/The Girl Without Hands (2016) 720p BluRay 600MB - MoviesWbb.srt,0.4088,0.2514,0.5695,1.9954128440367,0.3837,0
/home/muralidhar/Downloads/captionfiles/thegirlwithouthands2016720pblurayx264ytsag-english-122041/The Girl Without Hands (2016) 720p BluRay 600MB - MoviesWbb.srt,0.4088,0.2514,0.5695,1.9954128440367,0.3837,0
/home/muralidhar/Downloads/captionfiles/englandismine2017720pblurayx264-ytsag-english-119289/England.Is.Mine.2017.720p.BluRay.x264-[YTS.AG].srt,0.3794,0.3235,0.5354,2.00762388818297,0.3832,0
/home/muralidhar/Downloads/captionfiles/thetitan2018720pblurayx264ytsag-english-124094/The.Titan.2018.1080p.NF.WEBRip.DD5.1.x264-NTG.HI.srt,0.3922,0.2965,0.5222,1.96223776223776,0.3829,0
/home/muralidhar/Downloads/captionfiles/maze2017brripxvidac3-evo-english-119889/Maze.2017.BRRip.XviD.AC3-EVO.srt,0.3337,0.2931,0.5543,1.91239048811014,0.3824,0
/home/muralidhar/Downloads/captionfiles/stolenprincessruslanandludmila2018720pblurayx264ytsag-english-129913/Stolen.Princess.Ruslan.And.Ludmila.2018.1080p.x264.srt,0.3454,0.3712,0.4918,1.94137076796036,0.3776,0
/home/muralidhar/Downloads/captionfiles/the-farthest-2017-english-122513/The.Farthest.2017.720p.BluRay.x264-[YTS.AM].srt,0.2649,0.6181,0.5281,2.2619589977221,0.3762,0
/home/muralidhar/Downloads/captionfiles/storks20161080p-720pblurayx264-drones-rarbg-ytsag-colored-english-100213/Storks.2016.1080p-720p.BluRay.x264-DRONES-RARBG-YTS.AG-colored.srt,0.1553,0.4777,0.5097,1.82953761214631,0.3754,0
/home/muralidhar/Downloads/captionfiles/lookingglass2018web-dlx264-fgt-english-122496/Looking.Glass.2018.WEB-DL.x264-FGT.srt,0.2714,0.3271,0.5502,1.83523316062176,0.3741,0
/home/muralidhar/Downloads/captionfiles/infra-man1975720pblurayx264ytsag-english-132077/Super Inframan (1975) h264-1080p AAC-2ch.eng.srt,0.373,0.2793,0.5903,1.98171846435101,0.373,0
/home/muralidhar/Downloads/captionfiles/loveofmylife2017moviesbrripx264aac-rdx-english-116599/Love.Of.My.Life.2017.Movies.BRRip.x264.AAC-rDX.srt,0.198,0.3818,0.4852,1.67960768287699,0.3659,0
/home/muralidhar/Downloads/captionfiles/allure2018hdripxvidac3-evo-english-123913/Allure.2018.HDRip.XviD.AC3-EVO.srt,0.25,0.205,0.5299,1.54389965792474,0.3621,0
/home/muralidhar/Downloads/captionfiles/spinningman2018720pwebripx264-ytsam-english-124430/Spinning.Man.2018.720p.WEBRip.x264-[YTS.AM].srt,0.2691,0.3065,0.5389,1.74667511082964,0.3619,0
/home/muralidhar/Downloads/captionfiles/shirleyvisionsofreality2013720pblurayx264ytsag-english-125277/Shirley.Visions.Of.Reality.2013.1080p.BluRay.x264-[YTS.AM].srt,0.5519,0.5324,0.5106,2.49251497005988,0.3601,0
/home/muralidhar/Downloads/captionfiles/fathergoose1964720pblurayx264ytsag-english-122241/Father.Goose.1964.720p.BluRay.x264-[YTS.AM].srt,0.2454,0.2856,0.5237,1.63956144358154,0.3567,0
/home/muralidhar/Downloads/captionfiles/gateiithetrespassers1990brripxvidmp3-xvid-english-127242/Gate.II.The.Trespassers.1990.BRRip.XviD.MP3-XVID.srt,0.3276,0.2419,0.5357,1.71744186046512,0.3565,0
/home/muralidhar/Downloads/captionfiles/bent2018720pwebripx264-ytsam-english-122729/Bent.2018.720p.WEBRip.x264-[YTS.AM].srt,0.2849,0.2837,0.5262,1.69098712446352,0.3526,0
/home/muralidhar/Downloads/captionfiles/chasingtranethejohncoltranedocumentary2016720pblurayx264ytsag-english-119368/Chasing.Trane.The.John.Coltrane.Documentary.2016.1080p.BluRay.x264-[YTS.AG].srt,0.3418,0.6552,0.5151,2.32796075683252,0.3505,0
/home/muralidhar/Downloads/captionfiles/suspect1987720pblurayx264ytsag-english-116751/Suspect.1987.1080p.BluRay.x264-PSYCHD.srt,0.3,0.3751,0.5431,1.85296031229668,0.3426,0
/home/muralidhar/Downloads/captionfiles/myentirehighschoolsinkingintothesea2016limitedbdripx264-cadaver-english-121975 (1)/My.Entire.High.School.Sinking.Into.the.Sea.2016.LiMiTED.BDRip.x264-CADAVER.srt,0.361,0.2983,0.5312,1.8093471810089,0.342,0
/home/muralidhar/Downloads/captionfiles/myentirehighschoolsinkingintothesea2016limitedbdripx264-cadaver-english-121975/My.Entire.High.School.Sinking.Into.the.Sea.2016.LiMiTED.BDRip.x264-CADAVER.srt,0.361,0.2983,0.5312,1.8093471810089,0.342,0
/home/muralidhar/Downloads/captionfiles/reset-2017-720p-ytsam-english-121831/Reset.2017.720p.BluRay.x264-RedBlade.srt,0.2916,0.3425,0.5714,1.82730093071355,0.3403,0
/home/muralidhar/Downloads/captionfiles/futureworld2018hdripxvidac3-evo-english-127307/Future.World.2018.HDRip.XviD.AC3-EVO.srt,0.3021,0.1972,0.5516,1.57071339173967,0.3309,0
/home/muralidhar/Downloads/captionfiles/thehousemaid2016720pblurayx264ytsag-english-124250/The.Housemaid.2016.720p.BluRay.x264-[YTS.AM].srt,0.4424,0.2308,0.5528,1.82238442822384,0.3273,0
/home/muralidhar/Downloads/captionfiles/mollysgame2017720pblurayx264ytsag-english-124160/Mollys.Game.2017.720p.BluRay.x264-DRONES-HI.srt,0.2646,0.3864,0.4924,1.68125565952309,0.3199,0
/home/muralidhar/Downloads/captionfiles/thethousandfacesofdunjia2017720pblurayx264-rovers-english-123314/The.Thousand.Faces.of.Dunjia.2017.720p.BluRay.x264-ROVERS.srt,0.3111,0.2479,0.5568,1.62813370473538,0.3147,0
/home/muralidhar/Downloads/captionfiles/birthofthedragon2016720pblurayx264-english-116741/Birth.Of.The.Dragon.2016.720p.BluRay.x264-[YTS.AG].srt,0.3021,0.3108,0.5687,1.72408293460925,0.3147,0
/home/muralidhar/Downloads/captionfiles/thechinahustle20171080pwebx264-skgtv-english-english-124221/The.China.Hustle.2017.1080p.WEB.x264-SKGTV English.srt,0.3175,0.5367,0.5339,2.02339901477833,0.314,0
/home/muralidhar/Downloads/captionfiles/orchestrarehearsal1978720pblurayx264ytsag-english-123645/Orchestra.Rehearsal.1978.srt,0.4219,0.4905,0.5094,2.06815968841285,0.3125,0
/home/muralidhar/Downloads/captionfiles/robbery1967720pblurayx264ytsag-english-125228/Robbery - 1967.srt,0.3495,0.2569,0.5298,1.65122615803815,0.3119,0
/home/muralidhar/Downloads/captionfiles/batmanandmrfreezesubzero1998brripxvidmp3-xvid-english-124584/Batman.and.Mr.Freeze.SubZero.1998.BRRip.XviD.MP3-XVID.srt,0.3944,0.2122,0.5319,1.65229885057471,0.311,0
/home/muralidhar/Downloads/captionfiles/curvature2017720pblurayx264ytsag-english-122348/Curvature.2017.720p.WEBRip.x264-[YTS.AM].eng.srt,0.3448,0.3309,0.5541,1.76694411414982,0.304,0
/home/muralidhar/Downloads/captionfiles/vapors1965720pblurayx264-hd4u-english-122375/Vapors.1965.720p.BluRay.x264-HD4U.srt,0.3879,0.3771,0.5405,1.78998073217726,0.2707,0
/home/muralidhar/Downloads/captionfiles/themonkeyking32018720pblurayx264ytsag-english-123227/The Monkey King 3.srt,0.3213,0.4983,0.5343,1.43711340206186,0.0579,0
